Workbook

Sheet Начало
A1: Самопроверка: статистические функции в Excel
A3: Класс:
A4: Фамилия и имя:
A6: Как работать
A7: 1. Открой лист сценария (S1–S5). Таблица с данными уже заполнена.
A8: 2. Справа — шаги. Пиши формулу в жёлтую ячейку, которая указана в шаге.
A9: 3. «Протяни вниз» — потяни формулу за маленький квадрат в правом нижнем углу ячейки.
A10: 4. В столбце «Проверка» Excel сразу покажет: ✓ верно — или что исправить.
A11: 5. Шаги «измени…» — поменяй данные в таблице, формулы не трогай.
A12: 6. Общий счёт — на листе «Итог».

Sheet S1
A1: Ученик | B1: СОР 1 | C1: СОР 2 | D1: СОР 3 | E1: СОЧ | F1: Средний | G1: Вручную | H1: Отметка | K1: № | L1: Тип шага | M1: Задание | N1: Ячейка | O1: Проверка
A2: Айдана | B2: 5 | C2: 4 | D2: 5 | E2: 5 | K2: 1 | L2: среднее по строке | M2: В F2 найди средний балл Айданы за четыре работы и протяни формулу до F7. Какой средний балл у Армана (F5)? | N2: F2 → протяни до F7; ответ в F5 | O2: =IF(ISBLANK(F2),"—",IF(OR(NOT(_xlfn.ISFORMULA(F2)),NOT(_xlfn.ISFORMULA(F3)),NOT(_xlfn.ISFORMULA(F4)),NOT(_xlfn.ISFORMULA(F5)),NOT(_xlfn.ISFORMULA(F6)),NOT(_xlfn.ISFORMULA(F7))),"✗ нужна формула, а не готовый ответ (протяни формулу вниз)",IF(NOT(OR(ISNUMBER(SEARCH("СРЗНАЧ(",IFERROR(_xlfn.FORMULATEXT(F2),""))),ISNUMBER(SEARCH("AVERAGE(",IFERROR(_xlfn.FORMULATEXT(F2),""))))),"✗ нужна функция СРЗНАЧ",IF(NOT(AND(IFERROR(ABS(F2-(AVERAGE(B2:E2)))<=0.01*MAX(1,ABS(AVERAGE(B2:E2))),FALSE),IFERROR(ABS(F3-(AVERAGE(B3:E3)))<=0.01*MAX(1,ABS(AVERAGE(B3:E3))),FALSE),IFERROR(ABS(F4-(AVERAGE(B4:E4)))<=0.01*MAX(1,ABS(AVERAGE(B4:E4))),FALSE),IFERROR(ABS(F5-(AVERAGE(B5:E5)))<=0.01*MAX(1,ABS(AVERAGE(B5:E5))),FALSE),IFERROR(ABS(F6-(AVERAGE(B6:E6)))<=0.01*MAX(1,ABS(AVERAGE(B6:E6))),FALSE),IFERROR(ABS(F7-(AVERAGE(B7:E7)))<=0.01*MAX(1,ABS(AVERAGE(B7:E7))),FALSE))),"✗ ответ неверный — проверь формулу и диапазон","✓ верно"))))
A3: Тимур | B3: 3 | C3: 4 | D3: 3 | E3: 4 | K3: 2 | L3: среднее по столбцу | M3: Какая средняя оценка класса за СОР 1? Запиши в B8. Если получилось много знаков после запятой — нажми «Уменьшить разрядность». | N3: B8 | O3: =IF(ISBLANK(B8),"—",IF(OR(NOT(_xlfn.ISFORMULA(B8))),"✗ нужна формула, а не готовый ответ",IF(NOT(OR(ISNUMBER(SEARCH("СРЗНАЧ(",IFERROR(_xlfn.FORMULATEXT(B8),""))),ISNUMBER(SEARCH("AVERAGE(",IFERROR(_xlfn.FORMULATEXT(B8),""))))),"✗ нужна функция СРЗНАЧ",IF(NOT(AND(IFERROR(ABS(B8-(AVERAGE(B2:B7)))<=0.01*MAX(1,ABS(AVERAGE(B2:B7))),FALSE))),"✗ ответ неверный — проверь формулу и диапазон","✓ верно"))))
A4: Дана | B4: 5 | C4: 5 | D4: 4 | E4: 5 | K4: 3 | L4: вручную | M4: Проверь функцию: в G2 посчитай среднее Айданы «вручную» — сумму раздели на количество оценок. Совпало с F2? | N4: G2 | O4: =IF(ISBLANK(G2),"—",IF(OR(NOT(_xlfn.ISFORMULA(G2))),"✗ нужна формула, а не готовый ответ",IF(NOT(OR(ISNUMBER(SEARCH("СУММ(",IFERROR(_xlfn.FORMULATEXT(G2),""))),ISNUMBER(SEARCH("SUM(",IFERROR(_xlfn.FORMULATEXT(G2),""))))),"✗ нужна функция СУММ",IF(NOT(AND(IFERROR(ABS(G2-(SUM(B2:E2)/4))<=0.01*MAX(1,ABS(SUM(B2:E2)/4)),FALSE))),"✗ ответ неверный — проверь формулу и диапазон","✓ верно"))))
A5: Арман | B5: 2 | C5: 3 | D5: 4 | E5: 3 | K5: 4 | L5: отметка | M5: В H2: если средний балл 4,5 или выше — «отлично», иначе оставь ячейку пустой (""). Протяни до H7. Что у Айданы (H2)? | N5: H2 → протяни до H7; ответ в H2 | O5: =IF(ISBLANK(H2),"—",IF(OR(NOT(_xlfn.ISFORMULA(H2)),NOT(_xlfn.ISFORMULA(H3)),NOT(_xlfn.ISFORMULA(H4)),NOT(_xlfn.ISFORMULA(H5)),NOT(_xlfn.ISFORMULA(H6)),NOT(_xlfn.ISFORMULA(H7))),"✗ нужна формула, а не готовый ответ (протяни формулу вниз)",IF(NOT(OR(ISNUMBER(SEARCH("ЕСЛИ(",IFERROR(_xlfn.FORMULATEXT(H2),""))),ISNUMBER(SEARCH("IF(",IFERROR(_xlfn.FORMULATEXT(H2),""))))),"✗ нужна функция ЕСЛИ",IF(NOT(AND(IFERROR(SUBSTITUTE(LOWER(H2&""),"ё","е")=SUBSTITUTE(LOWER((IF(F2>=4.5,"отлично",""))&""),"ё","е"),FALSE),IFERROR(SUBSTITUTE(LOWER(H3&""),"ё","е")=SUBSTITUTE(LOWER((IF(F3>=4.5,"отлично",""))&""),"ё","е"),FALSE),IFERROR(SUBSTITUTE(LOWER(H4&""),"ё","е")=SUBSTITUTE(LOWER((IF(F4>=4.5,"отлично",""))&""),"ё","е"),FALSE),IFERROR(SUBSTITUTE(LOWER(H5&""),"ё","е")=SUBSTITUTE(LOWER((IF(F5>=4.5,"отлично",""))&""),"ё","е"),FALSE),IFERROR(SUBSTITUTE(LOWER(H6&""),"ё","е")=SUBSTITUTE(LOWER((IF(F6>=4.5,"отлично",""))&""),"ё","е"),FALSE),IFERROR(SUBSTITUTE(LOWER(H7&""),"ё","е")=SUBSTITUTE(LOWER((IF(F7>=4.5,"отлично",""))&""),"ё","е"),FALSE))),"✗ ответ неверный — проверь формулу и диапазон","✓ верно"))))
A6: Мадина | B6: 4 | C6: 5 | D6: 5 | E6: 4 | K6: 5 | L6: сложное: пропуск | M6: Тимур не писал СОР 2. Очисти C3 — ячейка должна стать пустой. Что теперь в F3? Почему среднее изменилось? | N6: очисти C3; ответ в F3 | O6: =IF(ISBLANK(F3),"—",IF(NOT(AND(C3="")),"✗ сначала очисти C3",IF(OR(NOT(_xlfn.ISFORMULA(F3))),"✗ нужна формула, а не готовый ответ",IF(NOT(AND(IFERROR(ABS(F3-(AVERAGE(B3:E3)))<=0.01*MAX(1,ABS(AVERAGE(B3:E3))),FALSE))),"✗ ответ неверный — проверь формулу и диапазон","✓ верно"))))
A7: Ерлан | B7: 4 | C7: 4 | D7: 3 | E7: 5 | K7: 6 | L7: сложное: ноль | M7: Ерлан тоже пропустил работу — СОР 3, но ему записали ноль. Впиши в D7 ноль. Что стало в F7? Сравни с Тимуром: почему ноль снижает средний балл, а пустая ячейка — нет? | N7: измени D7 → 0; ответ в F7 | O7: =IF(ISBLANK(F7),"—",IF(NOT(AND(D7=0)),"✗ сначала измени D7 на 0",IF(OR(NOT(_xlfn.ISFORMULA(F7))),"✗ нужна формула, а не готовый ответ",IF(NOT(AND(IFERROR(ABS(F7-(AVERAGE(B7:E7)))<=0.01*MAX(1,ABS(AVERAGE(B7:E7))),FALSE))),"✗ ответ неверный — проверь формулу и диапазон","✓ верно"))))
A8: Класс
M9: Выполнено шагов: | O9: =COUNTIF(O2:O7,"✓*")&" из 6"

Sheet S2
A1: День | B1: Днём | C1: Ночью | D1: Перепад | K1: № | L1: Тип шага | M1: Задание | N1: Ячейка | O1: Проверка
A2: Пн | B2: 14 | C2: 5 | K2: 1 | L2: МАКС | M2: Какая была самая высокая дневная температура? Запиши в B10. | N2: B10 | O2: =IF(ISBLANK(B10),"—",IF(OR(NOT(_xlfn.ISFORMULA(B10))),"✗ нужна формула, а не готовый ответ",IF(NOT(OR(ISNUMBER(SEARCH("МАКС(",IFERROR(_xlfn.FORMULATEXT(B10),""))),ISNUMBER(SEARCH("MAX(",IFERROR(_xlfn.FORMULATEXT(B10),""))))),"✗ нужна функция МАКС",IF(NOT(AND(IFERROR(ABS(B10-(MAX(B2:B8)))<=0.01*MAX(1,ABS(MAX(B2:B8))),FALSE))),"✗ ответ неверный — проверь формулу и диапазон","✓ верно"))))
A3: Вт | B3: 16 | C3: 7 | K3: 2 | L3: МИН | M3: Какой была самая холодная ночь? Запиши в C11. | N3: C11 | O3: =IF(ISBLANK(C11),"—",IF(OR(NOT(_xlfn.ISFORMULA(C11))),"✗ нужна формула, а не готовый ответ",IF(NOT(OR(ISNUMBER(SEARCH("МИН(",IFERROR(_xlfn.FORMULATEXT(C11),""))),ISNUMBER(SEARCH("MIN(",IFERROR(_xlfn.FORMULATEXT(C11),""))))),"✗ нужна функция МИН",IF(NOT(AND(IFERROR(ABS(C11-(MIN(C2:C8)))<=0.01*MAX(1,ABS(MIN(C2:C8))),FALSE))),"✗ ответ неверный — проверь формулу и диапазон","✓ верно"))))
A4: Ср | B4: 11 | C4: 2 | K4: 3 | L4: МАКС ночью | M4: Какой была самая тёплая ночь? Запиши в C10. | N4: C10 | O4: =IF(ISBLANK(C10),"—",IF(OR(NOT(_xlfn.ISFORMULA(C10))),"✗ нужна формула, а не готовый ответ",IF(NOT(OR(ISNUMBER(SEARCH("МАКС(",IFERROR(_xlfn.FORMULATEXT(C10),""))),ISNUMBER(SEARCH("MAX(",IFERROR(_xlfn.FORMULATEXT(C10),""))))),"✗ нужна функция МАКС",IF(NOT(AND(IFERROR(ABS(C10-(MAX(C2:C8)))<=0.01*MAX(1,ABS(MAX(C2:C8))),FALSE))),"✗ ответ неверный — проверь формулу и диапазон","✓ верно"))))
A5: Чт | B5: 18 | C5: 8 | K5: 4 | L5: СРЗНАЧ | M5: Какая средняя дневная температура? Запиши в B12. | N5: B12 | O5: =IF(ISBLANK(B12),"—",IF(OR(NOT(_xlfn.ISFORMULA(B12))),"✗ нужна формула, а не готовый ответ",IF(NOT(OR(ISNUMBER(SEARCH("СРЗНАЧ(",IFERROR(_xlfn.FORMULATEXT(B12),""))),ISNUMBER(SEARCH("AVERAGE(",IFERROR(_xlfn.FORMULATEXT(B12),""))))),"✗ нужна функция СРЗНАЧ",IF(NOT(AND(IFERROR(ABS(B12-(AVERAGE(B2:B8)))<=0.01*MAX(1,ABS(AVERAGE(B2:B8))),FALSE))),"✗ ответ неверный — проверь формулу и диапазон","✓ верно"))))
A6: Пт | B6: 20 | C6: 9 | K6: 5 | L6: размах | M6: Размах дневной температуры — разница между самым тёплым и самым холодным днём. Одна формула в B13. | N6: B13 | O6: =IF(ISBLANK(B13),"—",IF(OR(NOT(_xlfn.ISFORMULA(B13))),"✗ нужна формула, а не готовый ответ",IF(NOT(OR(ISNUMBER(SEARCH("МАКС(",IFERROR(_xlfn.FORMULATEXT(B13),""))),ISNUMBER(SEARCH("MAX(",IFERROR(_xlfn.FORMULATEXT(B13),""))))),"✗ нужна функция МАКС",IF(NOT(OR(ISNUMBER(SEARCH("МИН(",IFERROR(_xlfn.FORMULATEXT(B13),""))),ISNUMBER(SEARCH("MIN(",IFERROR(_xlfn.FORMULATEXT(B13),""))))),"✗ нужна функция МИН",IF(NOT(AND(IFERROR(ABS(B13-(MAX(B2:B8)-MIN(B2:B8)))<=0.01*MAX(1,ABS(MAX(B2:B8)-MIN(B2:B8))),FALSE))),"✗ ответ неверный — проверь формулу и диапазон","✓ верно")))))
A7: Сб | B7: 17 | C7: 6 | K7: 6 | L7: сложное: перепад | M7: На сколько днём теплее, чем ночью? Запиши в D2 и протяни до D8. Какой перепад в воскресенье (D8)? | N7: D2 → протяни до D8; ответ в D8 | O7: =IF(ISBLANK(D2),"—",IF(OR(NOT(_xlfn.ISFORMULA(D2)),NOT(_xlfn.ISFORMULA(D3)),NOT(_xlfn.ISFORMULA(D4)),NOT(_xlfn.ISFORMULA(D5)),NOT(_xlfn.ISFORMULA(D6)),NOT(_xlfn.ISFORMULA(D7)),NOT(_xlfn.ISFORMULA(D8))),"✗ нужна формула, а не готовый ответ (протяни формулу вниз)",IF(NOT(AND(IFERROR(ABS(D2-(B2-C2))<=0.01*MAX(1,ABS(B2-C2)),FALSE),IFERROR(ABS(D3-(B3-C3))<=0.01*MAX(1,ABS(B3-C3)),FALSE),IFERROR(ABS(D4-(B4-C4))<=0.01*MAX(1,ABS(B4-C4)),FALSE),IFERROR(ABS(D5-(B5-C5))<=0.01*MAX(1,ABS(B5-C5)),FALSE),IFERROR(ABS(D6-(B6-C6))<=0.01*MAX(1,ABS(B6-C6)),FALSE),IFERROR(ABS(D7-(B7-C7))<=0.01*MAX(1,ABS(B7-C7)),FALSE),IFERROR(ABS(D8-(B8-C8))<=0.01*MAX(1,ABS(B8-C8)),FALSE))),"✗ ответ неверный — проверь формулу и диапазон","✓ верно")))
A8: Вс | B8: 13 | C8: -1
M9: Выполнено шагов: | O9: =COUNTIF(O2:O7,"✓*")&" из 6"
A10: Максимум
A11: Минимум
A12: Среднее
A13: Размах

Sheet S3
A1: Ученик | B1: Бег 60 м, с | C1: Прыжок, см | D1: Отжимания | K1: № | L1: Тип шага | M1: Задание | N1: Ячейка | O1: Проверка
A2: Айдана | B2: 9.8 | C2: 155 | D2: 12 | K2: 1 | L2: лучший в беге | M2: Найди лучший результат в беге (B9). Подумай: в беге лучше большее или меньшее время? | N2: B9 | O2: =IF(ISBLANK(B9),"—",IF(OR(NOT(_xlfn.ISFORMULA(B9))),"✗ нужна формула, а не готовый ответ",IF(NOT(OR(ISNUMBER(SEARCH("МИН(",IFERROR(_xlfn.FORMULATEXT(B9),""))),ISNUMBER(SEARCH("MIN(",IFERROR(_xlfn.FORMULATEXT(B9),""))))),"✗ нужна функция МИН",IF(NOT(AND(IFERROR(ABS(B9-(MIN(B2:B7)))<=0.01*MAX(1,ABS(MIN(B2:B7))),FALSE))),"✗ ответ неверный — проверь формулу и диапазон","✓ верно"))))
A3: Тимур | B3: 10.4 | C3: 170 | D3: 25 | K3: 2 | L3: лучший прыжок | M3: Найди лучший прыжок (C9). | N3: C9 | O3: =IF(ISBLANK(C9),"—",IF(OR(NOT(_xlfn.ISFORMULA(C9))),"✗ нужна формула, а не готовый ответ",IF(NOT(OR(ISNUMBER(SEARCH("МАКС(",IFERROR(_xlfn.FORMULATEXT(C9),""))),ISNUMBER(SEARCH("MAX(",IFERROR(_xlfn.FORMULATEXT(C9),""))))),"✗ нужна функция МАКС",IF(NOT(AND(IFERROR(ABS(C9-(MAX(C2:C7)))<=0.01*MAX(1,ABS(MAX(C2:C7))),FALSE))),"✗ ответ неверный — проверь формулу и диапазон","✓ верно"))))
A4: Дана | B4: 9.2 | C4: 140 | D4: 18 | K4: 3 | L4: лучшие отжимания | M4: Найди лучший результат в отжиманиях (D9). | N4: D9 | O4: =IF(ISBLANK(D9),"—",IF(OR(NOT(_xlfn.ISFORMULA(D9))),"✗ нужна формула, а не готовый ответ",IF(NOT(OR(ISNUMBER(SEARCH("МАКС(",IFERROR(_xlfn.FORMULATEXT(D9),""))),ISNUMBER(SEARCH("MAX(",IFERROR(_xlfn.FORMULATEXT(D9),""))))),"✗ нужна функция МАКС",IF(NOT(AND(IFERROR(ABS(D9-(MAX(D2:D7)))<=0.01*MAX(1,ABS(MAX(D2:D7))),FALSE))),"✗ ответ неверный — проверь формулу и диапазон","✓ верно"))))
A5: Арман | B5: 8.9 | C5: 182 | D5: 30 | K5: 4 | L5: худший в беге | M5: Найди худший результат в беге (B10). | N5: B10 | O5: =IF(ISBLANK(B10),"—",IF(OR(NOT(_xlfn.ISFORMULA(B10))),"✗ нужна формула, а не готовый ответ",IF(NOT(OR(ISNUMBER(SEARCH("МАКС(",IFERROR(_xlfn.FORMULATEXT(B10),""))),ISNUMBER(SEARCH("MAX(",IFERROR(_xlfn.FORMULATEXT(B10),""))))),"✗ нужна функция МАКС",IF(NOT(AND(IFERROR(ABS(B10-(MAX(B2:B7)))<=0.01*MAX(1,ABS(MAX(B2:B7))),FALSE))),"✗ ответ неверный — проверь формулу и диапазон","✓ верно"))))
A6: Мадина | B6: 11 | C6: 130 | D6: 8 | K6: 5 | L6: средний прыжок | M6: Найди средний прыжок класса (C11). | N6: C11 | O6: =IF(ISBLANK(C11),"—",IF(OR(NOT(_xlfn.ISFORMULA(C11))),"✗ нужна формула, а не готовый ответ",IF(NOT(OR(ISNUMBER(SEARCH("СРЗНАЧ(",IFERROR(_xlfn.FORMULATEXT(C11),""))),ISNUMBER(SEARCH("AVERAGE(",IFERROR(_xlfn.FORMULATEXT(C11),""))))),"✗ нужна функция СРЗНАЧ",IF(NOT(AND(IFERROR(ABS(C11-(AVERAGE(C2:C7)))<=0.01*MAX(1,ABS(AVERAGE(C2:C7))),FALSE))),"✗ ответ неверный — проверь формулу и диапазон","✓ верно"))))
A7: Ерлан | B7: 9.5 | C7: 165 | D7: 20 | K7: 6 | L7: сложное: до лучшего | M7: Сколько сантиметров не хватило Мадине до лучшего прыжка? Одна формула в C12. | N7: C12 | O7: =IF(ISBLANK(C12),"—",IF(OR(NOT(_xlfn.ISFORMULA(C12))),"✗ нужна формула, а не готовый ответ",IF(NOT(OR(ISNUMBER(SEARCH("МАКС(",IFERROR(_xlfn.FORMULATEXT(C12),""))),ISNUMBER(SEARCH("MAX(",IFERROR(_xlfn.FORMULATEXT(C12),""))))),"✗ нужна функция МАКС",IF(NOT(AND(IFERROR(ABS(C12-(MAX(C2:C7)-C6))<=0.01*MAX(1,ABS(MAX(C2:C7)-C6)),FALSE))),"✗ ответ неверный — проверь формулу и диапазон","✓ верно"))))
A9: Лучший | M9: Выполнено шагов: | O9: =COUNTIF(O2:O7,"✓*")&" из 6"
A10: Худший
A11: Средний
A12: Мадине до лучшего

Sheet S4
A1: Товар | B1: Магазин 1 | C1: Магазин 2 | D1: Магазин 3 | E1: Дешевле всего | F1: Дороже всего | G1: Средняя цена | H1: Экономия | K1: № | L1: Тип шага | M1: Задание | N1: Ячейка | O1: Проверка
A2: Тетрадь | B2: 150 | C2: 140 | D2: 165 | K2: 1 | L2: МИН по строке | M2: В E2 найди самую низкую цену тетради в трёх магазинах и протяни до E6. Сколько стоит рюкзак там, где дешевле всего (E4)? | N2: E2 → протяни до E6; ответ в E4 | O2: =IF(ISBLANK(E2),"—",IF(OR(NOT(_xlfn.ISFORMULA(E2)),NOT(_xlfn.ISFORMULA(E3)),NOT(_xlfn.ISFORMULA(E4)),NOT(_xlfn.ISFORMULA(E5)),NOT(_xlfn.ISFORMULA(E6))),"✗ нужна формула, а не готовый ответ (протяни формулу вниз)",IF(NOT(OR(ISNUMBER(SEARCH("МИН(",IFERROR(_xlfn.FORMULATEXT(E2),""))),ISNUMBER(SEARCH("MIN(",IFERROR(_xlfn.FORMULATEXT(E2),""))))),"✗ нужна функция МИН",IF(NOT(AND(IFERROR(ABS(E2-(MIN(B2:D2)))<=0.01*MAX(1,ABS(MIN(B2:D2))),FALSE),IFERROR(ABS(E3-(MIN(B3:D3)))<=0.01*MAX(1,ABS(MIN(B3:D3))),FALSE),IFERROR(ABS(E4-(MIN(B4:D4)))<=0.01*MAX(1,ABS(MIN(B4:D4))),FALSE),IFERROR(ABS(E5-(MIN(B5:D5)))<=0.01*MAX(1,ABS(MIN(B5:D5))),FALSE),IFERROR(ABS(E6-(MIN(B6:D6)))<=0.01*MAX(1,ABS(MIN(B6:D6))),FALSE))),"✗ ответ неверный — проверь формулу и диапазон","✓ верно"))))
A3: Ручка | B3: 120 | C3: 130 | D3: 110 | K3: 2 | L3: МАКС по строке | M3: В F2 — самая высокая цена, протяни до F6. Сколько стоит рюкзак там, где дороже всего (F4)? | N3: F2 → протяни до F6; ответ в F4 | O3: =IF(ISBLANK(F2),"—",IF(OR(NOT(_xlfn.ISFORMULA(F2)),NOT(_xlfn.ISFORMULA(F3)),NOT(_xlfn.ISFORMULA(F4)),NOT(_xlfn.ISFORMULA(F5)),NOT(_xlfn.ISFORMULA(F6))),"✗ нужна формула, а не готовый ответ (протяни формулу вниз)",IF(NOT(OR(ISNUMBER(SEARCH("МАКС(",IFERROR(_xlfn.FORMULATEXT(F2),""))),ISNUMBER(SEARCH("MAX(",IFERROR(_xlfn.FORMULATEXT(F2),""))))),"✗ нужна функция МАКС",IF(NOT(AND(IFERROR(ABS(F2-(MAX(B2:D2)))<=0.01*MAX(1,ABS(MAX(B2:D2))),FALSE),IFERROR(ABS(F3-(MAX(B3:D3)))<=0.01*MAX(1,ABS(MAX(B3:D3))),FALSE),IFERROR(ABS(F4-(MAX(B4:D4)))<=0.01*MAX(1,ABS(MAX(B4:D4))),FALSE),IFERROR(ABS(F5-(MAX(B5:D5)))<=0.01*MAX(1,ABS(MAX(B5:D5))),FALSE),IFERROR(ABS(F6-(MAX(B6:D6)))<=0.01*MAX(1,ABS(MAX(B6:D6))),FALSE))),"✗ ответ неверный — проверь формулу и диапазон","✓ верно"))))
A4: Рюкзак | B4: 9500 | C4: 8900 | D4: 10200 | K4: 3 | L4: СРЗНАЧ по строке | M4: В G2 — средняя цена, протяни до G6. Какая средняя цена пенала (G5)? | N4: G2 → протяни до G6; ответ в G5 | O4: =IF(ISBLANK(G2),"—",IF(OR(NOT(_xlfn.ISFORMULA(G2)),NOT(_xlfn.ISFORMULA(G3)),NOT(_xlfn.ISFORMULA(G4)),NOT(_xlfn.ISFORMULA(G5)),NOT(_xlfn.ISFORMULA(G6))),"✗ нужна формула, а не готовый ответ (протяни формулу вниз)",IF(NOT(OR(ISNUMBER(SEARCH("СРЗНАЧ(",IFERROR(_xlfn.FORMULATEXT(G2),""))),ISNUMBER(SEARCH("AVERAGE(",IFERROR(_xlfn.FORMULATEXT(G2),""))))),"✗ нужна функция СРЗНАЧ",IF(NOT(AND(IFERROR(ABS(G2-(AVERAGE(B2:D2)))<=0.01*MAX(1,ABS(AVERAGE(B2:D2))),FALSE),IFERROR(ABS(G3-(AVERAGE(B3:D3)))<=0.01*MAX(1,ABS(AVERAGE(B3:D3))),FALSE),IFERROR(ABS(G4-(AVERAGE(B4:D4)))<=0.01*MAX(1,ABS(AVERAGE(B4:D4))),FALSE),IFERROR(ABS(G5-(AVERAGE(B5:D5)))<=0.01*MAX(1,ABS(AVERAGE(B5:D5))),FALSE),IFERROR(ABS(G6-(AVERAGE(B6:D6)))<=0.01*MAX(1,ABS(AVERAGE(B6:D6))),FALSE))),"✗ ответ неверный — проверь формулу и диапазон","✓ верно"))))
A5: Пенал | B5: 1500 | C5: 1400 | D5: 1650 | K5: 4 | L5: экономия | M5: Экономия — на сколько дороже всего дороже, чем дешевле всего. В H2: =F2-E2, протяни. Сколько можно сэкономить на рюкзаке (H4)? | N5: H2 → протяни до H6; ответ в H4 | O5: =IF(ISBLANK(H2),"—",IF(OR(NOT(_xlfn.ISFORMULA(H2)),NOT(_xlfn.ISFORMULA(H3)),NOT(_xlfn.ISFORMULA(H4)),NOT(_xlfn.ISFORMULA(H5)),NOT(_xlfn.ISFORMULA(H6))),"✗ нужна формула, а не готовый ответ (протяни формулу вниз)",IF(NOT(AND(IFERROR(ABS(H2-(F2-E2))<=0.01*MAX(1,ABS(F2-E2)),FALSE),IFERROR(ABS(H3-(F3-E3))<=0.01*MAX(1,ABS(F3-E3)),FALSE),IFERROR(ABS(H4-(F4-E4))<=0.01*MAX(1,ABS(F4-E4)),FALSE),IFERROR(ABS(H5-(F5-E5))<=0.01*MAX(1,ABS(F5-E5)),FALSE),IFERROR(ABS(H6-(F6-E6))<=0.01*MAX(1,ABS(F6-E6)),FALSE))),"✗ ответ неверный — проверь формулу и диапазон","✓ верно")))
A6: Краски | B6: 900 | C6: 850 | D6: 950 | K6: 5 | L6: СУММ | M6: Сколько заплатишь, если каждый товар купить там, где он дешевле всего? Сложи E2:E6 в E7. | N6: E7 | O6: =IF(ISBLANK(E7),"—",IF(OR(NOT(_xlfn.ISFORMULA(E7))),"✗ нужна формула, а не готовый ответ",IF(NOT(OR(ISNUMBER(SEARCH("СУММ(",IFERROR(_xlfn.FORMULATEXT(E7),""))),ISNUMBER(SEARCH("SUM(",IFERROR(_xlfn.FORMULATEXT(E7),""))))),"✗ нужна функция СУММ",IF(NOT(AND(IFERROR(ABS(E7-(SUM(E2:E6)))<=0.01*MAX(1,ABS(SUM(E2:E6))),FALSE))),"✗ ответ неверный — проверь формулу и диапазон","✓ верно"))))
A7: Всего | K7: 6 | L7: сложное: цена выросла | M7: Магазин 2 поднял цену рюкзака до 9800 — измени C4. Сколько теперь стоит рюкзак там, где дешевле всего (E4)? | N7: измени C4 → 9800; ответ в E4 | O7: =IF(ISBLANK(E4),"—",IF(NOT(AND(C4=9800)),"✗ сначала измени C4 на 9800",IF(OR(NOT(_xlfn.ISFORMULA(E4))),"✗ нужна формула, а не готовый ответ",IF(NOT(AND(IFERROR(ABS(E4-(MIN(B4:D4)))<=0.01*MAX(1,ABS(MIN(B4:D4))),FALSE))),"✗ ответ неверный — проверь формулу и диапазон","✓ верно"))))
M9: Выполнено шагов: | O9: =COUNTIF(O2:O7,"✓*")&" из 6"

Sheet S5
A1: Участник | B1: Тур 1 | C1: Тур 2 | D1: Тур 3 | E1: Сумма | F1: Средний | G1: Лучший тур | H1: Итог | K1: № | L1: Тип шага | M1: Задание | N1: Ячейка | O1: Проверка
A2: Айдана | B2: 8 | C2: 9 | D2: 10 | K2: 1 | L2: СУММ | M2: В E2 — сумма баллов за три тура, протяни до E7. Сколько у Мадины (E6)? | N2: E2 → протяни до E7; ответ в E6 | O2: =IF(ISBLANK(E2),"—",IF(OR(NOT(_xlfn.ISFORMULA(E2)),NOT(_xlfn.ISFORMULA(E3)),NOT(_xlfn.ISFORMULA(E4)),NOT(_xlfn.ISFORMULA(E5)),NOT(_xlfn.ISFORMULA(E6)),NOT(_xlfn.ISFORMULA(E7))),"✗ нужна формула, а не готовый ответ (протяни формулу вниз)",IF(NOT(OR(ISNUMBER(SEARCH("СУММ(",IFERROR(_xlfn.FORMULATEXT(E2),""))),ISNUMBER(SEARCH("SUM(",IFERROR(_xlfn.FORMULATEXT(E2),""))))),"✗ нужна функция СУММ",IF(NOT(AND(IFERROR(ABS(E2-(SUM(B2:D2)))<=0.01*MAX(1,ABS(SUM(B2:D2))),FALSE),IFERROR(ABS(E3-(SUM(B3:D3)))<=0.01*MAX(1,ABS(SUM(B3:D3))),FALSE),IFERROR(ABS(E4-(SUM(B4:D4)))<=0.01*MAX(1,ABS(SUM(B4:D4))),FALSE),IFERROR(ABS(E5-(SUM(B5:D5)))<=0.01*MAX(1,ABS(SUM(B5:D5))),FALSE),IFERROR(ABS(E6-(SUM(B6:D6)))<=0.01*MAX(1,ABS(SUM(B6:D6))),FALSE),IFERROR(ABS(E7-(SUM(B7:D7)))<=0.01*MAX(1,ABS(SUM(B7:D7))),FALSE))),"✗ ответ неверный — проверь формулу и диапазон","✓ верно"))))
A3: Тимур | B3: 6 | C3: 7 | D3: 5 | K3: 2 | L3: СРЗНАЧ | M3: В F2 — средний балл за тур, протяни до F7. Сколько у Тимура (F3)? | N3: F2 → протяни до F7; ответ в F3 | O3: =IF(ISBLANK(F2),"—",IF(OR(NOT(_xlfn.ISFORMULA(F2)),NOT(_xlfn.ISFORMULA(F3)),NOT(_xlfn.ISFORMULA(F4)),NOT(_xlfn.ISFORMULA(F5)),NOT(_xlfn.ISFORMULA(F6)),NOT(_xlfn.ISFORMULA(F7))),"✗ нужна формула, а не готовый ответ (протяни формулу вниз)",IF(NOT(OR(ISNUMBER(SEARCH("СРЗНАЧ(",IFERROR(_xlfn.FORMULATEXT(F2),""))),ISNUMBER(SEARCH("AVERAGE(",IFERROR(_xlfn.FORMULATEXT(F2),""))))),"✗ нужна функция СРЗНАЧ",IF(NOT(AND(IFERROR(ABS(F2-(AVERAGE(B2:D2)))<=0.01*MAX(1,ABS(AVERAGE(B2:D2))),FALSE),IFERROR(ABS(F3-(AVERAGE(B3:D3)))<=0.01*MAX(1,ABS(AVERAGE(B3:D3))),FALSE),IFERROR(ABS(F4-(AVERAGE(B4:D4)))<=0.01*MAX(1,ABS(AVERAGE(B4:D4))),FALSE),IFERROR(ABS(F5-(AVERAGE(B5:D5)))<=0.01*MAX(1,ABS(AVERAGE(B5:D5))),FALSE),IFERROR(ABS(F6-(AVERAGE(B6:D6)))<=0.01*MAX(1,ABS(AVERAGE(B6:D6))),FALSE),IFERROR(ABS(F7-(AVERAGE(B7:D7)))<=0.01*MAX(1,ABS(AVERAGE(B7:D7))),FALSE))),"✗ ответ неверный — проверь формулу и диапазон","✓ верно"))))
A4: Дана | B4: 10 | C4: 8 | D4: 9 | K4: 3 | L4: МАКС | M4: В G2 — лучший тур участника, протяни до G7. Какой лучший тур у Армана (G5)? | N4: G2 → протяни до G7; ответ в G5 | O4: =IF(ISBLANK(G2),"—",IF(OR(NOT(_xlfn.ISFORMULA(G2)),NOT(_xlfn.ISFORMULA(G3)),NOT(_xlfn.ISFORMULA(G4)),NOT(_xlfn.ISFORMULA(G5)),NOT(_xlfn.ISFORMULA(G6)),NOT(_xlfn.ISFORMULA(G7))),"✗ нужна формула, а не готовый ответ (протяни формулу вниз)",IF(NOT(OR(ISNUMBER(SEARCH("МАКС(",IFERROR(_xlfn.FORMULATEXT(G2),""))),ISNUMBER(SEARCH("MAX(",IFERROR(_xlfn.FORMULATEXT(G2),""))))),"✗ нужна функция МАКС",IF(NOT(AND(IFERROR(ABS(G2-(MAX(B2:D2)))<=0.01*MAX(1,ABS(MAX(B2:D2))),FALSE),IFERROR(ABS(G3-(MAX(B3:D3)))<=0.01*MAX(1,ABS(MAX(B3:D3))),FALSE),IFERROR(ABS(G4-(MAX(B4:D4)))<=0.01*MAX(1,ABS(MAX(B4:D4))),FALSE),IFERROR(ABS(G5-(MAX(B5:D5)))<=0.01*MAX(1,ABS(MAX(B5:D5))),FALSE),IFERROR(ABS(G6-(MAX(B6:D6)))<=0.01*MAX(1,ABS(MAX(B6:D6))),FALSE),IFERROR(ABS(G7-(MAX(B7:D7)))<=0.01*MAX(1,ABS(MAX(B7:D7))),FALSE))),"✗ ответ неверный — проверь формулу и диапазон","✓ верно"))))
A5: Арман | B5: 4 | C5: 6 | D5: 7 | K5: 4 | L5: лучшая сумма | M5: Какая самая большая сумма среди всех участников? Запиши в E8. | N5: E8 | O5: =IF(ISBLANK(E8),"—",IF(OR(NOT(_xlfn.ISFORMULA(E8))),"✗ нужна формула, а не готовый ответ",IF(NOT(OR(ISNUMBER(SEARCH("МАКС(",IFERROR(_xlfn.FORMULATEXT(E8),""))),ISNUMBER(SEARCH("MAX(",IFERROR(_xlfn.FORMULATEXT(E8),""))))),"✗ нужна функция МАКС",IF(NOT(AND(IFERROR(ABS(E8-(MAX(E2:E7)))<=0.01*MAX(1,ABS(MAX(E2:E7))),FALSE))),"✗ ответ неверный — проверь формулу и диапазон","✓ верно"))))
A6: Мадина | B6: 9 | C6: 10 | D6: 10 | K6: 5 | L6: средняя сумма | M6: Какая средняя сумма баллов участников? Запиши в E9. | N6: E9 | O6: =IF(ISBLANK(E9),"—",IF(OR(NOT(_xlfn.ISFORMULA(E9))),"✗ нужна формула, а не готовый ответ",IF(NOT(OR(ISNUMBER(SEARCH("СРЗНАЧ(",IFERROR(_xlfn.FORMULATEXT(E9),""))),ISNUMBER(SEARCH("AVERAGE(",IFERROR(_xlfn.FORMULATEXT(E9),""))))),"✗ нужна функция СРЗНАЧ",IF(NOT(AND(IFERROR(ABS(E9-(AVERAGE(E2:E7)))<=0.01*MAX(1,ABS(AVERAGE(E2:E7))),FALSE))),"✗ ответ неверный — проверь формулу и диапазон","✓ верно"))))
A7: Ерлан | B7: 7 | C7: 5 | D7: 8 | K7: 6 | L7: сложное: ЕСЛИ | M7: Мадина — призёр, если её сумма больше средней суммы (E9). Запиши в H6 «призёр» или «участник». | N7: H6 | O7: =IF(ISBLANK(H6),"—",IF(OR(NOT(_xlfn.ISFORMULA(H6))),"✗ нужна формула, а не готовый ответ",IF(NOT(OR(ISNUMBER(SEARCH("ЕСЛИ(",IFERROR(_xlfn.FORMULATEXT(H6),""))),ISNUMBER(SEARCH("IF(",IFERROR(_xlfn.FORMULATEXT(H6),""))))),"✗ нужна функция ЕСЛИ",IF(NOT(AND(IFERROR(SUBSTITUTE(LOWER(H6&""),"ё","е")=SUBSTITUTE(LOWER((IF(E6>E9,"призёр","участник"))&""),"ё","е"),FALSE))),"✗ ответ неверный — проверь формулу и диапазон","✓ верно"))))
A8: Лучшая сумма
A9: Средняя сумма | M9: Выполнено шагов: | O9: =COUNTIF(O2:O7,"✓*")&" из 6"

Sheet Итог
A1: Итог самопроверки
A2: ="Ученик: "&Начало!B4&", "&Начало!B3
A4: Сценарий | B4: Название | C4: Функции | D4: Верно | E4: Всего
A5: S1 | B5: Журнал четверти | C5: СРЗНАЧ | D5: =COUNTIF(S1!O2:O7,"✓*") | E5: 6
A6: S2 | B6: Погода за неделю | C6: МАКС · МИН | D6: =COUNTIF(S2!O2:O7,"✓*") | E6: 6
A7: S3 | B7: Спорт: лучший результат | C7: МАКС или МИН | D7: =COUNTIF(S3!O2:O7,"✓*") | E7: 6
A8: S4 | B8: Магазины: где дешевле | C8: МИН · МАКС · СРЗНАЧ | D8: =COUNTIF(S4!O2:O7,"✓*") | E8: 6
A9: S5 | B9: Олимпиада | C9: Все вместе + ЕСЛИ | D9: =COUNTIF(S5!O2:O7,"✓*") | E9: 6
B10: Всего | D10: =SUM(D5:D9) | E10: =SUM(E5:E9)
