Workbook

Sheet Басы
A1: Өзін-өзі тексеру: Excel-дегі логикалық функциялар
A3: Сынып:
A4: Тегі мен аты:
A6: Қалай жұмыс істеу керек
A7: 1. Сценарий парағын аш (S1–S5). Деректері бар кесте дайын.
A8: 2. Оң жақта — қадамдар. Формуланы қадамда көрсетілген сары ұяшыққа жаз.
A9: 3. «Төмен созып көшір» — формуланы ұяшықтың оң жақ төменгі бұрышындағы кішкентай шаршыдан тарт.
A10: 4. «Тексеру» бағанында Excel бірден көрсетеді: ✓ дұрыс — немесе нені түзету керек.
A11: 5. «Өзгерт…» қадамдары — кестедегі деректерді өзгерт, формулаларға тиме.
A12: 6. Жалпы есеп — «Қорытынды» парағында.

Sheet S1
A1: Оқушы | B1: Балл | C1: Қорытынды | D1: 50 және одан көп пе? | E1: Бонус | F1: Есептелді = 1 | K1: № | L1: Қадам түрі | M1: Тапсырма | N1: Ұяшық | O1: Тексеру
A2: Айдана | B2: 72 | K2: 1 | L2: салыстыру | M2: D2-ге салыстыру жаз: Айданың балы 50 немесе одан көп пе? Excel ИСТИНА немесе ЛОЖЬ көрсетеді. | N2: D2 | O2: =IF(ISBLANK(D2),"—",IF(OR(NOT(_xlfn.ISFORMULA(D2))),"✗ дайын жауап емес, формула керек",IF(NOT(AND(IFERROR(SUBSTITUTE(LOWER(D2&""),"ё","е")=SUBSTITUTE(LOWER((B2>=50)&""),"ё","е"),FALSE))),"✗ жауап дұрыс емес — формула мен ауқымды тексер","✓ дұрыс")))
A3: Тимур | B3: 45 | K3: 2 | L3: Мәтінмен ЕСЛИ | M3: C2-ге: балл 50 немесе одан көп болса — «есептелді», әйтпесе «есептелмеді». | N3: C2 | O3: =IF(ISBLANK(C2),"—",IF(OR(NOT(_xlfn.ISFORMULA(C2))),"✗ дайын жауап емес, формула керек",IF(NOT(OR(ISNUMBER(SEARCH("ЕСЛИ(",IFERROR(_xlfn.FORMULATEXT(C2),""))),ISNUMBER(SEARCH("IF(",IFERROR(_xlfn.FORMULATEXT(C2),""))))),"✗ ЕСЛИ функциясы керек",IF(NOT(AND(IFERROR(SUBSTITUTE(LOWER(C2&""),"ё","е")=SUBSTITUTE(LOWER((IF(B2>=50,"есептелді","есептелмеді"))&""),"ё","е"),FALSE))),"✗ жауап дұрыс емес — формула мен ауқымды тексер","✓ дұрыс"))))
A4: Дана | B4: 50 | K4: 3 | L4: төмен созып көшіру | M4: C2-дегі формуланы C7-ге дейін төмен созып көшір: ұяшықтың оң жақ төменгі бұрышындағы кішкентай шаршыдан тарт. Данада не шықты (C4)? | N4: C2 → C7 ұяшығына дейін созып көшір; жауап C4 ұяшығында | O4: =IF(ISBLANK(C2),"—",IF(OR(NOT(_xlfn.ISFORMULA(C2)),NOT(_xlfn.ISFORMULA(C3)),NOT(_xlfn.ISFORMULA(C4)),NOT(_xlfn.ISFORMULA(C5)),NOT(_xlfn.ISFORMULA(C6)),NOT(_xlfn.ISFORMULA(C7))),"✗ дайын жауап емес, формула керек (формуланы төмен созып көшір)",IF(NOT(OR(ISNUMBER(SEARCH("ЕСЛИ(",IFERROR(_xlfn.FORMULATEXT(C2),""))),ISNUMBER(SEARCH("IF(",IFERROR(_xlfn.FORMULATEXT(C2),""))))),"✗ ЕСЛИ функциясы керек",IF(NOT(AND(IFERROR(SUBSTITUTE(LOWER(C2&""),"ё","е")=SUBSTITUTE(LOWER((IF(B2>=50,"есептелді","есептелмеді"))&""),"ё","е"),FALSE),IFERROR(SUBSTITUTE(LOWER(C3&""),"ё","е")=SUBSTITUTE(LOWER((IF(B3>=50,"есептелді","есептелмеді"))&""),"ё","е"),FALSE),IFERROR(SUBSTITUTE(LOWER(C4&""),"ё","е")=SUBSTITUTE(LOWER((IF(B4>=50,"есептелді","есептелмеді"))&""),"ё","е"),FALSE),IFERROR(SUBSTITUTE(LOWER(C5&""),"ё","е")=SUBSTITUTE(LOWER((IF(B5>=50,"есептелді","есептелмеді"))&""),"ё","е"),FALSE),IFERROR(SUBSTITUTE(LOWER(C6&""),"ё","е")=SUBSTITUTE(LOWER((IF(B6>=50,"есептелді","есептелмеді"))&""),"ё","е"),FALSE),IFERROR(SUBSTITUTE(LOWER(C7&""),"ё","е")=SUBSTITUTE(LOWER((IF(B7>=50,"есептелді","есептелмеді"))&""),"ё","е"),FALSE))),"✗ жауап дұрыс емес — формула мен ауқымды тексер","✓ дұрыс"))))
A5: Арман | B5: 38 | K5: 4 | L5: Сандармен ЕСЛИ | M5: Бонус: балл 85 немесе одан көп болса — 5 балл, әйтпесе 0. E2-ге жазып, E7-ге дейін созып көшір. Мадинаның бонусы қандай (E6)? | N5: E2 → E7 ұяшығына дейін созып көшір; жауап E6 ұяшығында | O5: =IF(ISBLANK(E2),"—",IF(OR(NOT(_xlfn.ISFORMULA(E2)),NOT(_xlfn.ISFORMULA(E3)),NOT(_xlfn.ISFORMULA(E4)),NOT(_xlfn.ISFORMULA(E5)),NOT(_xlfn.ISFORMULA(E6)),NOT(_xlfn.ISFORMULA(E7))),"✗ дайын жауап емес, формула керек (формуланы төмен созып көшір)",IF(NOT(OR(ISNUMBER(SEARCH("ЕСЛИ(",IFERROR(_xlfn.FORMULATEXT(E2),""))),ISNUMBER(SEARCH("IF(",IFERROR(_xlfn.FORMULATEXT(E2),""))))),"✗ ЕСЛИ функциясы керек",IF(NOT(AND(IFERROR(ABS(E2-(IF(B2>=85,5,0)))<=0.01*MAX(1,ABS(IF(B2>=85,5,0))),FALSE),IFERROR(ABS(E3-(IF(B3>=85,5,0)))<=0.01*MAX(1,ABS(IF(B3>=85,5,0))),FALSE),IFERROR(ABS(E4-(IF(B4>=85,5,0)))<=0.01*MAX(1,ABS(IF(B4>=85,5,0))),FALSE),IFERROR(ABS(E5-(IF(B5>=85,5,0)))<=0.01*MAX(1,ABS(IF(B5>=85,5,0))),FALSE),IFERROR(ABS(E6-(IF(B6>=85,5,0)))<=0.01*MAX(1,ABS(IF(B6>=85,5,0))),FALSE),IFERROR(ABS(E7-(IF(B7>=85,5,0)))<=0.01*MAX(1,ABS(IF(B7>=85,5,0))),FALSE))),"✗ жауап дұрыс емес — формула мен ауқымды тексер","✓ дұрыс"))))
A6: Мадина | B6: 91 | K6: 5 | L6: мәтіні бар шарт | M6: C2-де «есептелді» деп жазылса, F2-ге 1 қой, әйтпесе 0. F7-ге дейін созып көшір. Тимурда не (F3)? | N6: F2 → F7 ұяшығына дейін созып көшір; жауап F3 ұяшығында | O6: =IF(ISBLANK(F2),"—",IF(OR(NOT(_xlfn.ISFORMULA(F2)),NOT(_xlfn.ISFORMULA(F3)),NOT(_xlfn.ISFORMULA(F4)),NOT(_xlfn.ISFORMULA(F5)),NOT(_xlfn.ISFORMULA(F6)),NOT(_xlfn.ISFORMULA(F7))),"✗ дайын жауап емес, формула керек (формуланы төмен созып көшір)",IF(NOT(OR(ISNUMBER(SEARCH("ЕСЛИ(",IFERROR(_xlfn.FORMULATEXT(F2),""))),ISNUMBER(SEARCH("IF(",IFERROR(_xlfn.FORMULATEXT(F2),""))))),"✗ ЕСЛИ функциясы керек",IF(NOT(AND(IFERROR(ABS(F2-(IF(C2="есептелді",1,0)))<=0.01*MAX(1,ABS(IF(C2="есептелді",1,0))),FALSE),IFERROR(ABS(F3-(IF(C3="есептелді",1,0)))<=0.01*MAX(1,ABS(IF(C3="есептелді",1,0))),FALSE),IFERROR(ABS(F4-(IF(C4="есептелді",1,0)))<=0.01*MAX(1,ABS(IF(C4="есептелді",1,0))),FALSE),IFERROR(ABS(F5-(IF(C5="есептелді",1,0)))<=0.01*MAX(1,ABS(IF(C5="есептелді",1,0))),FALSE),IFERROR(ABS(F6-(IF(C6="есептелді",1,0)))<=0.01*MAX(1,ABS(IF(C6="есептелді",1,0))),FALSE),IFERROR(ABS(F7-(IF(C7="есептелді",1,0)))<=0.01*MAX(1,ABS(IF(C7="есептелді",1,0))),FALSE))),"✗ жауап дұрыс емес — формула мен ауқымды тексер","✓ дұрыс"))))
A7: Ерлан | B7: 64 | K7: 6 | L7: күрделі: шекара | M7: Тимур жұмысын түзетті: оның B3-тегі балын 50-ге өзгерт, формулаларға тиме. Енді C3-те не тұр? Егер >= орнына > таңбасы тұрса, жауап осындай болар ма еді? | N7: B3 мәнін 50 деп өзгерт; жауап C3 ұяшығында | O7: =IF(ISBLANK(C3),"—",IF(NOT(AND(B3=50)),"✗ алдымен B3 мәнін 50 деп өзгерт",IF(OR(NOT(_xlfn.ISFORMULA(C3))),"✗ дайын жауап емес, формула керек",IF(NOT(AND(IFERROR(SUBSTITUTE(LOWER(C3&""),"ё","е")=SUBSTITUTE(LOWER((IF(B3>=50,"есептелді","есептелмеді"))&""),"ё","е"),FALSE))),"✗ жауап дұрыс емес — формула мен ауқымды тексер","✓ дұрыс"))))
M9: Орындалған қадамдар: | O9: =COUNTIF(O2:O7,"✓*")&" / 6"

Sheet S2
A1: Тапсырыс | B1: Сомасы, тг | C1: Жеткізу, тг | D1: Жеңілдік, тг | E1: Төлеуге, тг | F1: Тапсырыс түрі | K1: № | L1: Қадам түрі | M1: Тапсырма | N1: Ұяшық | O1: Тексеру
A2: №1 | B2: 3500 | K2: 1 | L2: тармақтағы сан | M2: Жеткізу: сома 5000 тг немесе одан көп болса — 0, әйтпесе 700. C2-ге жазып, C6-ға дейін созып көшір. №2 тапсырыстың жеткізу ақысы қанша (C3)? | N2: C2 → C6 ұяшығына дейін созып көшір; жауап C3 ұяшығында | O2: =IF(ISBLANK(C2),"—",IF(OR(NOT(_xlfn.ISFORMULA(C2)),NOT(_xlfn.ISFORMULA(C3)),NOT(_xlfn.ISFORMULA(C4)),NOT(_xlfn.ISFORMULA(C5)),NOT(_xlfn.ISFORMULA(C6))),"✗ дайын жауап емес, формула керек (формуланы төмен созып көшір)",IF(NOT(OR(ISNUMBER(SEARCH("ЕСЛИ(",IFERROR(_xlfn.FORMULATEXT(C2),""))),ISNUMBER(SEARCH("IF(",IFERROR(_xlfn.FORMULATEXT(C2),""))))),"✗ ЕСЛИ функциясы керек",IF(NOT(AND(IFERROR(ABS(C2-(IF(B2>=5000,0,700)))<=0.01*MAX(1,ABS(IF(B2>=5000,0,700))),FALSE),IFERROR(ABS(C3-(IF(B3>=5000,0,700)))<=0.01*MAX(1,ABS(IF(B3>=5000,0,700))),FALSE),IFERROR(ABS(C4-(IF(B4>=5000,0,700)))<=0.01*MAX(1,ABS(IF(B4>=5000,0,700))),FALSE),IFERROR(ABS(C5-(IF(B5>=5000,0,700)))<=0.01*MAX(1,ABS(IF(B5>=5000,0,700))),FALSE),IFERROR(ABS(C6-(IF(B6>=5000,0,700)))<=0.01*MAX(1,ABS(IF(B6>=5000,0,700))),FALSE))),"✗ жауап дұрыс емес — формула мен ауқымды тексер","✓ дұрыс"))))
A3: №2 | B3: 5000 | K3: 2 | L3: тармақта есептеу | M3: Жеңілдік: сома 10 000 тг-ден көп болса — соманың 10%-ы, әйтпесе 0. D2-ге жазып, созып көшір. №3 тапсырыстың жеңілдігі қандай (D4)? | N3: D2 → D6 ұяшығына дейін созып көшір; жауап D4 ұяшығында | O3: =IF(ISBLANK(D2),"—",IF(OR(NOT(_xlfn.ISFORMULA(D2)),NOT(_xlfn.ISFORMULA(D3)),NOT(_xlfn.ISFORMULA(D4)),NOT(_xlfn.ISFORMULA(D5)),NOT(_xlfn.ISFORMULA(D6))),"✗ дайын жауап емес, формула керек (формуланы төмен созып көшір)",IF(NOT(OR(ISNUMBER(SEARCH("ЕСЛИ(",IFERROR(_xlfn.FORMULATEXT(D2),""))),ISNUMBER(SEARCH("IF(",IFERROR(_xlfn.FORMULATEXT(D2),""))))),"✗ ЕСЛИ функциясы керек",IF(NOT(AND(IFERROR(ABS(D2-(IF(B2>10000,B2*0.1,0)))<=0.01*MAX(1,ABS(IF(B2>10000,B2*0.1,0))),FALSE),IFERROR(ABS(D3-(IF(B3>10000,B3*0.1,0)))<=0.01*MAX(1,ABS(IF(B3>10000,B3*0.1,0))),FALSE),IFERROR(ABS(D4-(IF(B4>10000,B4*0.1,0)))<=0.01*MAX(1,ABS(IF(B4>10000,B4*0.1,0))),FALSE),IFERROR(ABS(D5-(IF(B5>10000,B5*0.1,0)))<=0.01*MAX(1,ABS(IF(B5>10000,B5*0.1,0))),FALSE),IFERROR(ABS(D6-(IF(B6>10000,B6*0.1,0)))<=0.01*MAX(1,ABS(IF(B6>10000,B6*0.1,0))),FALSE))),"✗ жауап дұрыс емес — формула мен ауқымды тексер","✓ дұрыс"))))
A4: №3 | B4: 12000 | K4: 3 | L4: жол бойынша қорытынды | M4: Төлеуге = сома + жеткізу − жеңілдік. E2-ге жазып, созып көшір. №4 тапсырыс қанша төлейді (E5)? | N4: E2 → E6 ұяшығына дейін созып көшір; жауап E5 ұяшығында | O4: =IF(ISBLANK(E2),"—",IF(OR(NOT(_xlfn.ISFORMULA(E2)),NOT(_xlfn.ISFORMULA(E3)),NOT(_xlfn.ISFORMULA(E4)),NOT(_xlfn.ISFORMULA(E5)),NOT(_xlfn.ISFORMULA(E6))),"✗ дайын жауап емес, формула керек (формуланы төмен созып көшір)",IF(NOT(AND(IFERROR(ABS(E2-(B2+C2-D2))<=0.01*MAX(1,ABS(B2+C2-D2)),FALSE),IFERROR(ABS(E3-(B3+C3-D3))<=0.01*MAX(1,ABS(B3+C3-D3)),FALSE),IFERROR(ABS(E4-(B4+C4-D4))<=0.01*MAX(1,ABS(B4+C4-D4)),FALSE),IFERROR(ABS(E5-(B5+C5-D5))<=0.01*MAX(1,ABS(B5+C5-D5)),FALSE),IFERROR(ABS(E6-(B6+C6-D6))<=0.01*MAX(1,ABS(B6+C6-D6)),FALSE))),"✗ жауап дұрыс емес — формула мен ауқымды тексер","✓ дұрыс")))
A5: №4 | B5: 800 | K5: 4 | L5: СУММ | M5: Дүкен барлық тапсырыстан қанша ақша алады? E2:E6-ны E7-ге қос. | N5: E7 | O5: =IF(ISBLANK(E7),"—",IF(OR(NOT(_xlfn.ISFORMULA(E7))),"✗ дайын жауап емес, формула керек",IF(NOT(OR(ISNUMBER(SEARCH("СУММ(",IFERROR(_xlfn.FORMULATEXT(E7),""))),ISNUMBER(SEARCH("SUM(",IFERROR(_xlfn.FORMULATEXT(E7),""))))),"✗ СУММ функциясы керек",IF(NOT(AND(IFERROR(ABS(E7-(SUM(E2:E6)))<=0.01*MAX(1,ABS(SUM(E2:E6))),FALSE))),"✗ жауап дұрыс емес — формула мен ауқымды тексер","✓ дұрыс"))))
A6: №5 | B6: 10000 | K6: 5 | L6: сан бойынша мәтін | M6: Төленетін сома 5000 тг-ден көп болса — «ірі», әйтпесе «кәдімгі». F2-ге жазып, созып көшір. №3 тапсырыста не (F4)? | N6: F2 → F6 ұяшығына дейін созып көшір; жауап F4 ұяшығында | O6: =IF(ISBLANK(F2),"—",IF(OR(NOT(_xlfn.ISFORMULA(F2)),NOT(_xlfn.ISFORMULA(F3)),NOT(_xlfn.ISFORMULA(F4)),NOT(_xlfn.ISFORMULA(F5)),NOT(_xlfn.ISFORMULA(F6))),"✗ дайын жауап емес, формула керек (формуланы төмен созып көшір)",IF(NOT(OR(ISNUMBER(SEARCH("ЕСЛИ(",IFERROR(_xlfn.FORMULATEXT(F2),""))),ISNUMBER(SEARCH("IF(",IFERROR(_xlfn.FORMULATEXT(F2),""))))),"✗ ЕСЛИ функциясы керек",IF(NOT(AND(IFERROR(SUBSTITUTE(LOWER(F2&""),"ё","е")=SUBSTITUTE(LOWER((IF(E2>5000,"ірі","кәдімгі"))&""),"ё","е"),FALSE),IFERROR(SUBSTITUTE(LOWER(F3&""),"ё","е")=SUBSTITUTE(LOWER((IF(E3>5000,"ірі","кәдімгі"))&""),"ё","е"),FALSE),IFERROR(SUBSTITUTE(LOWER(F4&""),"ё","е")=SUBSTITUTE(LOWER((IF(E4>5000,"ірі","кәдімгі"))&""),"ё","е"),FALSE),IFERROR(SUBSTITUTE(LOWER(F5&""),"ё","е")=SUBSTITUTE(LOWER((IF(E5>5000,"ірі","кәдімгі"))&""),"ё","е"),FALSE),IFERROR(SUBSTITUTE(LOWER(F6&""),"ё","е")=SUBSTITUTE(LOWER((IF(E6>5000,"ірі","кәдімгі"))&""),"ё","е"),FALSE))),"✗ жауап дұрыс емес — формула мен ауқымды тексер","✓ дұрыс"))))
A7: Барлығы | K7: 6 | L7: күрделі: деректерді өзгерт | M7: №4 тапсырыс 4900 тг-ге өсті — B5-ті өзгерт. Енді төлеуге қанша (E5)? Неге жеткізу ақысы жойылмады? | N7: B5 мәнін 4900 деп өзгерт; жауап E5 ұяшығында | O7: =IF(ISBLANK(E5),"—",IF(NOT(AND(B5=4900)),"✗ алдымен B5 мәнін 4900 деп өзгерт",IF(OR(NOT(_xlfn.ISFORMULA(E5))),"✗ дайын жауап емес, формула керек",IF(NOT(AND(IFERROR(ABS(E5-(B5+C5-D5))<=0.01*MAX(1,ABS(B5+C5-D5)),FALSE))),"✗ жауап дұрыс емес — формула мен ауқымды тексер","✓ дұрыс"))))
M9: Орындалған қадамдар: | O9: =COUNTIF(O2:O7,"✓*")&" / 6"

Sheet S3
A1: Оқушы | B1: 60 м жүгіру, с | C1: Секіру, см | D1: Жерден итерілу | E1: Жүгіру және секіру | F1: Үш норма да | G1: Қорытынды | H1: Секіру 150–180 | I1: Қайта тапсыру ма? | K1: № | L1: Қадам түрі | M1: Тапсырма | N1: Ұяшық | O1: Тексеру
A2: Айдана | B2: 9.8 | C2: 155 | D2: 12 | K2: 1 | L2: Екі шарттан тұратын И | M2: E2-де екі норманы тексер: жүгіру 10 с-тан ұзақ емес ЖӘНЕ секіру 150 см-ден кем емес. E6-ға дейін созып көшір. Тимурда не (E3)? | N2: E2 → E6 ұяшығына дейін созып көшір; жауап E3 ұяшығында | O2: =IF(ISBLANK(E2),"—",IF(OR(NOT(_xlfn.ISFORMULA(E2)),NOT(_xlfn.ISFORMULA(E3)),NOT(_xlfn.ISFORMULA(E4)),NOT(_xlfn.ISFORMULA(E5)),NOT(_xlfn.ISFORMULA(E6))),"✗ дайын жауап емес, формула керек (формуланы төмен созып көшір)",IF(NOT(OR(ISNUMBER(SEARCH("AND(",IFERROR(_xlfn.FORMULATEXT(E2),""))),(LEN(IFERROR(_xlfn.FORMULATEXT(E2),""))-LEN(SUBSTITUTE(UPPER(IFERROR(_xlfn.FORMULATEXT(E2),"")),"И(","")))/2>(LEN(IFERROR(_xlfn.FORMULATEXT(E2),""))-LEN(SUBSTITUTE(UPPER(IFERROR(_xlfn.FORMULATEXT(E2),"")),"ЛИ(","")))/3)),"✗ И функциясы керек",IF(NOT(AND(IFERROR(SUBSTITUTE(LOWER(E2&""),"ё","е")=SUBSTITUTE(LOWER((AND(B2<=10,C2>=150))&""),"ё","е"),FALSE),IFERROR(SUBSTITUTE(LOWER(E3&""),"ё","е")=SUBSTITUTE(LOWER((AND(B3<=10,C3>=150))&""),"ё","е"),FALSE),IFERROR(SUBSTITUTE(LOWER(E4&""),"ё","е")=SUBSTITUTE(LOWER((AND(B4<=10,C4>=150))&""),"ё","е"),FALSE),IFERROR(SUBSTITUTE(LOWER(E5&""),"ё","е")=SUBSTITUTE(LOWER((AND(B5<=10,C5>=150))&""),"ё","е"),FALSE),IFERROR(SUBSTITUTE(LOWER(E6&""),"ё","е")=SUBSTITUTE(LOWER((AND(B6<=10,C6>=150))&""),"ё","е"),FALSE))),"✗ жауап дұрыс емес — формула мен ауқымды тексер","✓ дұрыс"))))
A3: Тимур | B3: 10.4 | C3: 170 | D3: 25 | K3: 2 | L3: Үш шарттан тұратын И | M3: Үшінші норманы қос: жерден итерілу кемінде 15. F2-ге — үш шарты бар И, созып көшір. Арманда не (F5)? | N3: F2 → F6 ұяшығына дейін созып көшір; жауап F5 ұяшығында | O3: =IF(ISBLANK(F2),"—",IF(OR(NOT(_xlfn.ISFORMULA(F2)),NOT(_xlfn.ISFORMULA(F3)),NOT(_xlfn.ISFORMULA(F4)),NOT(_xlfn.ISFORMULA(F5)),NOT(_xlfn.ISFORMULA(F6))),"✗ дайын жауап емес, формула керек (формуланы төмен созып көшір)",IF(NOT(OR(ISNUMBER(SEARCH("AND(",IFERROR(_xlfn.FORMULATEXT(F2),""))),(LEN(IFERROR(_xlfn.FORMULATEXT(F2),""))-LEN(SUBSTITUTE(UPPER(IFERROR(_xlfn.FORMULATEXT(F2),"")),"И(","")))/2>(LEN(IFERROR(_xlfn.FORMULATEXT(F2),""))-LEN(SUBSTITUTE(UPPER(IFERROR(_xlfn.FORMULATEXT(F2),"")),"ЛИ(","")))/3)),"✗ И функциясы керек",IF(NOT(AND(IFERROR(SUBSTITUTE(LOWER(F2&""),"ё","е")=SUBSTITUTE(LOWER((AND(B2<=10,C2>=150,D2>=15))&""),"ё","е"),FALSE),IFERROR(SUBSTITUTE(LOWER(F3&""),"ё","е")=SUBSTITUTE(LOWER((AND(B3<=10,C3>=150,D3>=15))&""),"ё","е"),FALSE),IFERROR(SUBSTITUTE(LOWER(F4&""),"ё","е")=SUBSTITUTE(LOWER((AND(B4<=10,C4>=150,D4>=15))&""),"ё","е"),FALSE),IFERROR(SUBSTITUTE(LOWER(F5&""),"ё","е")=SUBSTITUTE(LOWER((AND(B5<=10,C5>=150,D5>=15))&""),"ё","е"),FALSE),IFERROR(SUBSTITUTE(LOWER(F6&""),"ё","е")=SUBSTITUTE(LOWER((AND(B6<=10,C6>=150,D6>=15))&""),"ё","е"),FALSE))),"✗ жауап дұрыс емес — формула мен ауқымды тексер","✓ дұрыс"))))
A4: Дана | B4: 9.2 | C4: 140 | D4: 18 | K4: 3 | L4: ЕСЛИ + И | M4: G2-ге сөзбен шығар: үш норма да орындалса — «есептелді», әйтпесе «қайта тапсыру». Созып көшір. Айданада не (G2)? | N4: G2 → G6 ұяшығына дейін созып көшір; жауап G2 ұяшығында | O4: =IF(ISBLANK(G2),"—",IF(OR(NOT(_xlfn.ISFORMULA(G2)),NOT(_xlfn.ISFORMULA(G3)),NOT(_xlfn.ISFORMULA(G4)),NOT(_xlfn.ISFORMULA(G5)),NOT(_xlfn.ISFORMULA(G6))),"✗ дайын жауап емес, формула керек (формуланы төмен созып көшір)",IF(NOT(OR(ISNUMBER(SEARCH("ЕСЛИ(",IFERROR(_xlfn.FORMULATEXT(G2),""))),ISNUMBER(SEARCH("IF(",IFERROR(_xlfn.FORMULATEXT(G2),""))))),"✗ ЕСЛИ функциясы керек",IF(NOT(OR(ISNUMBER(SEARCH("AND(",IFERROR(_xlfn.FORMULATEXT(G2),""))),(LEN(IFERROR(_xlfn.FORMULATEXT(G2),""))-LEN(SUBSTITUTE(UPPER(IFERROR(_xlfn.FORMULATEXT(G2),"")),"И(","")))/2>(LEN(IFERROR(_xlfn.FORMULATEXT(G2),""))-LEN(SUBSTITUTE(UPPER(IFERROR(_xlfn.FORMULATEXT(G2),"")),"ЛИ(","")))/3)),"✗ И функциясы керек",IF(NOT(AND(IFERROR(SUBSTITUTE(LOWER(G2&""),"ё","е")=SUBSTITUTE(LOWER((IF(AND(B2<=10,C2>=150,D2>=15),"есептелді","қайта тапсыру"))&""),"ё","е"),FALSE),IFERROR(SUBSTITUTE(LOWER(G3&""),"ё","е")=SUBSTITUTE(LOWER((IF(AND(B3<=10,C3>=150,D3>=15),"есептелді","қайта тапсыру"))&""),"ё","е"),FALSE),IFERROR(SUBSTITUTE(LOWER(G4&""),"ё","е")=SUBSTITUTE(LOWER((IF(AND(B4<=10,C4>=150,D4>=15),"есептелді","қайта тапсыру"))&""),"ё","е"),FALSE),IFERROR(SUBSTITUTE(LOWER(G5&""),"ё","е")=SUBSTITUTE(LOWER((IF(AND(B5<=10,C5>=150,D5>=15),"есептелді","қайта тапсыру"))&""),"ё","е"),FALSE),IFERROR(SUBSTITUTE(LOWER(G6&""),"ё","е")=SUBSTITUTE(LOWER((IF(AND(B6<=10,C6>=150,D6>=15),"есептелді","қайта тапсыру"))&""),"ё","е"),FALSE))),"✗ жауап дұрыс емес — формула мен ауқымды тексер","✓ дұрыс")))))
A5: Арман | B5: 8.9 | C5: 182 | D5: 30 | K5: 4 | L5: аралық | M5: Секіру 150-ден 180 см-ге дейін (қоса алғанда) болса, «нормада». H2-де И арқылы тексеріп, созып көшір. Арманда не (H5)? | N5: H2 → H6 ұяшығына дейін созып көшір; жауап H5 ұяшығында | O5: =IF(ISBLANK(H2),"—",IF(OR(NOT(_xlfn.ISFORMULA(H2)),NOT(_xlfn.ISFORMULA(H3)),NOT(_xlfn.ISFORMULA(H4)),NOT(_xlfn.ISFORMULA(H5)),NOT(_xlfn.ISFORMULA(H6))),"✗ дайын жауап емес, формула керек (формуланы төмен созып көшір)",IF(NOT(OR(ISNUMBER(SEARCH("AND(",IFERROR(_xlfn.FORMULATEXT(H2),""))),(LEN(IFERROR(_xlfn.FORMULATEXT(H2),""))-LEN(SUBSTITUTE(UPPER(IFERROR(_xlfn.FORMULATEXT(H2),"")),"И(","")))/2>(LEN(IFERROR(_xlfn.FORMULATEXT(H2),""))-LEN(SUBSTITUTE(UPPER(IFERROR(_xlfn.FORMULATEXT(H2),"")),"ЛИ(","")))/3)),"✗ И функциясы керек",IF(NOT(AND(IFERROR(SUBSTITUTE(LOWER(H2&""),"ё","е")=SUBSTITUTE(LOWER((AND(C2>=150,C2<=180))&""),"ё","е"),FALSE),IFERROR(SUBSTITUTE(LOWER(H3&""),"ё","е")=SUBSTITUTE(LOWER((AND(C3>=150,C3<=180))&""),"ё","е"),FALSE),IFERROR(SUBSTITUTE(LOWER(H4&""),"ё","е")=SUBSTITUTE(LOWER((AND(C4>=150,C4<=180))&""),"ё","е"),FALSE),IFERROR(SUBSTITUTE(LOWER(H5&""),"ё","е")=SUBSTITUTE(LOWER((AND(C5>=150,C5<=180))&""),"ё","е"),FALSE),IFERROR(SUBSTITUTE(LOWER(H6&""),"ё","е")=SUBSTITUTE(LOWER((AND(C6>=150,C6<=180))&""),"ё","е"),FALSE))),"✗ жауап дұрыс емес — формула мен ауқымды тексер","✓ дұрыс"))))
A6: Мадина | B6: 11 | C6: 130 | D6: 8 | K6: 5 | L6: НЕ | M6: I2-де қайта тапсыратындар үшін ИСТИНА ал: НЕ(үш норма). Созып көшір. Мадинада не (I6)? | N6: I2 → I6 ұяшығына дейін созып көшір; жауап I6 ұяшығында | O6: =IF(ISBLANK(I2),"—",IF(OR(NOT(_xlfn.ISFORMULA(I2)),NOT(_xlfn.ISFORMULA(I3)),NOT(_xlfn.ISFORMULA(I4)),NOT(_xlfn.ISFORMULA(I5)),NOT(_xlfn.ISFORMULA(I6))),"✗ дайын жауап емес, формула керек (формуланы төмен созып көшір)",IF(NOT(OR(ISNUMBER(SEARCH("НЕ(",IFERROR(_xlfn.FORMULATEXT(I2),""))),ISNUMBER(SEARCH("NOT(",IFERROR(_xlfn.FORMULATEXT(I2),""))))),"✗ НЕ функциясы керек",IF(NOT(AND(IFERROR(SUBSTITUTE(LOWER(I2&""),"ё","е")=SUBSTITUTE(LOWER((NOT(F2))&""),"ё","е"),FALSE),IFERROR(SUBSTITUTE(LOWER(I3&""),"ё","е")=SUBSTITUTE(LOWER((NOT(F3))&""),"ё","е"),FALSE),IFERROR(SUBSTITUTE(LOWER(I4&""),"ё","е")=SUBSTITUTE(LOWER((NOT(F4))&""),"ё","е"),FALSE),IFERROR(SUBSTITUTE(LOWER(I5&""),"ё","е")=SUBSTITUTE(LOWER((NOT(F5))&""),"ё","е"),FALSE),IFERROR(SUBSTITUTE(LOWER(I6&""),"ё","е")=SUBSTITUTE(LOWER((NOT(F6))&""),"ё","е"),FALSE))),"✗ жауап дұрыс емес — формула мен ауқымды тексер","✓ дұрыс"))))
K7: 6 | L7: күрделі: деректерді өзгерт | M7: Айдана жерден итерілуді қайта тапсырды — 15 рет. D2-ні өзгерт. Енді G2-де не тұр? | N7: D2 мәнін 15 деп өзгерт; жауап G2 ұяшығында | O7: =IF(ISBLANK(G2),"—",IF(NOT(AND(D2=15)),"✗ алдымен D2 мәнін 15 деп өзгерт",IF(OR(NOT(_xlfn.ISFORMULA(G2))),"✗ дайын жауап емес, формула керек",IF(NOT(AND(IFERROR(SUBSTITUTE(LOWER(G2&""),"ё","е")=SUBSTITUTE(LOWER((IF(AND(B2<=10,C2>=150,D2>=15),"есептелді","қайта тапсыру"))&""),"ё","е"),FALSE))),"✗ жауап дұрыс емес — формула мен ауқымды тексер","✓ дұрыс"))))
M9: Орындалған қадамдар: | O9: =COUNTIF(O2:O7,"✓*")&" / 6"

Sheet S4
A1: Көрермен | B1: Жасы | C1: Күн | D1: Жеңілдік | E1: Демалыс | F1: Бағасы, тг | G1: Төлеуге, тг | H1: Жұмыс күні | K1: № | L1: Қадам түрі | M1: Тапсырма | N1: Ұяшық | O1: Тексеру
A2: Айдана | B2: 13 | C2: дс | K2: 1 | L2: ИЛИ: жас | M2: Жеңілдік — 7 жастан кіші балаларға НЕМЕСЕ 65 жастан асқан көрермендерге. D2-ге — ИЛИ, D7-ге дейін созып көшір. Серікте не (D3)? | N2: D2 → D7 ұяшығына дейін созып көшір; жауап D3 ұяшығында | O2: =IF(ISBLANK(D2),"—",IF(OR(NOT(_xlfn.ISFORMULA(D2)),NOT(_xlfn.ISFORMULA(D3)),NOT(_xlfn.ISFORMULA(D4)),NOT(_xlfn.ISFORMULA(D5)),NOT(_xlfn.ISFORMULA(D6)),NOT(_xlfn.ISFORMULA(D7))),"✗ дайын жауап емес, формула керек (формуланы төмен созып көшір)",IF(NOT(OR(ISNUMBER(SEARCH("ИЛИ(",IFERROR(_xlfn.FORMULATEXT(D2),""))),ISNUMBER(SEARCH("OR(",IFERROR(_xlfn.FORMULATEXT(D2),""))))),"✗ ИЛИ функциясы керек",IF(NOT(AND(IFERROR(SUBSTITUTE(LOWER(D2&""),"ё","е")=SUBSTITUTE(LOWER((OR(B2<7,B2>65))&""),"ё","е"),FALSE),IFERROR(SUBSTITUTE(LOWER(D3&""),"ё","е")=SUBSTITUTE(LOWER((OR(B3<7,B3>65))&""),"ё","е"),FALSE),IFERROR(SUBSTITUTE(LOWER(D4&""),"ё","е")=SUBSTITUTE(LOWER((OR(B4<7,B4>65))&""),"ё","е"),FALSE),IFERROR(SUBSTITUTE(LOWER(D5&""),"ё","е")=SUBSTITUTE(LOWER((OR(B5<7,B5>65))&""),"ё","е"),FALSE),IFERROR(SUBSTITUTE(LOWER(D6&""),"ё","е")=SUBSTITUTE(LOWER((OR(B6<7,B6>65))&""),"ё","е"),FALSE),IFERROR(SUBSTITUTE(LOWER(D7&""),"ё","е")=SUBSTITUTE(LOWER((OR(B7<7,B7>65))&""),"ё","е"),FALSE))),"✗ жауап дұрыс емес — формула мен ауқымды тексер","✓ дұрыс"))))
A3: Серік | B3: 68 | C3: ср | K3: 2 | L3: Мәтінмен ИЛИ | M3: Күн «сн» НЕМЕСЕ «жс» болса — демалыс. E2-де тексеріп, созып көшір. Данада не (E5)? | N3: E2 → E7 ұяшығына дейін созып көшір; жауап E5 ұяшығында | O3: =IF(ISBLANK(E2),"—",IF(OR(NOT(_xlfn.ISFORMULA(E2)),NOT(_xlfn.ISFORMULA(E3)),NOT(_xlfn.ISFORMULA(E4)),NOT(_xlfn.ISFORMULA(E5)),NOT(_xlfn.ISFORMULA(E6)),NOT(_xlfn.ISFORMULA(E7))),"✗ дайын жауап емес, формула керек (формуланы төмен созып көшір)",IF(NOT(OR(ISNUMBER(SEARCH("ИЛИ(",IFERROR(_xlfn.FORMULATEXT(E2),""))),ISNUMBER(SEARCH("OR(",IFERROR(_xlfn.FORMULATEXT(E2),""))))),"✗ ИЛИ функциясы керек",IF(NOT(AND(IFERROR(SUBSTITUTE(LOWER(E2&""),"ё","е")=SUBSTITUTE(LOWER((OR(C2="сн",C2="жс"))&""),"ё","е"),FALSE),IFERROR(SUBSTITUTE(LOWER(E3&""),"ё","е")=SUBSTITUTE(LOWER((OR(C3="сн",C3="жс"))&""),"ё","е"),FALSE),IFERROR(SUBSTITUTE(LOWER(E4&""),"ё","е")=SUBSTITUTE(LOWER((OR(C4="сн",C4="жс"))&""),"ё","е"),FALSE),IFERROR(SUBSTITUTE(LOWER(E5&""),"ё","е")=SUBSTITUTE(LOWER((OR(C5="сн",C5="жс"))&""),"ё","е"),FALSE),IFERROR(SUBSTITUTE(LOWER(E6&""),"ё","е")=SUBSTITUTE(LOWER((OR(C6="сн",C6="жс"))&""),"ё","е"),FALSE),IFERROR(SUBSTITUTE(LOWER(E7&""),"ё","е")=SUBSTITUTE(LOWER((OR(C7="сн",C7="жс"))&""),"ё","е"),FALSE))),"✗ жауап дұрыс емес — формула мен ауқымды тексер","✓ дұрыс"))))
A4: Тимур | B4: 6 | C4: сн | K4: 3 | L4: ЕСЛИ: баға | M4: Билет бағасы: демалыс күні 2500 тг, жұмыс күні 1800 тг. F2-ге ЕСЛИ арқылы жаз (шарт — E2 ұяшығы) және созып көшір. Тимурдың бағасы қандай (F4)? | N4: F2 → F7 ұяшығына дейін созып көшір; жауап F4 ұяшығында | O4: =IF(ISBLANK(F2),"—",IF(OR(NOT(_xlfn.ISFORMULA(F2)),NOT(_xlfn.ISFORMULA(F3)),NOT(_xlfn.ISFORMULA(F4)),NOT(_xlfn.ISFORMULA(F5)),NOT(_xlfn.ISFORMULA(F6)),NOT(_xlfn.ISFORMULA(F7))),"✗ дайын жауап емес, формула керек (формуланы төмен созып көшір)",IF(NOT(OR(ISNUMBER(SEARCH("ЕСЛИ(",IFERROR(_xlfn.FORMULATEXT(F2),""))),ISNUMBER(SEARCH("IF(",IFERROR(_xlfn.FORMULATEXT(F2),""))))),"✗ ЕСЛИ функциясы керек",IF(NOT(AND(IFERROR(ABS(F2-(IF(E2,2500,1800)))<=0.01*MAX(1,ABS(IF(E2,2500,1800))),FALSE),IFERROR(ABS(F3-(IF(E3,2500,1800)))<=0.01*MAX(1,ABS(IF(E3,2500,1800))),FALSE),IFERROR(ABS(F4-(IF(E4,2500,1800)))<=0.01*MAX(1,ABS(IF(E4,2500,1800))),FALSE),IFERROR(ABS(F5-(IF(E5,2500,1800)))<=0.01*MAX(1,ABS(IF(E5,2500,1800))),FALSE),IFERROR(ABS(F6-(IF(E6,2500,1800)))<=0.01*MAX(1,ABS(IF(E6,2500,1800))),FALSE),IFERROR(ABS(F7-(IF(E7,2500,1800)))<=0.01*MAX(1,ABS(IF(E7,2500,1800))),FALSE))),"✗ жауап дұрыс емес — формула мен ауқымды тексер","✓ дұрыс"))))
A5: Дана | B5: 25 | C5: жс | K5: 4 | L5: ЕСЛИ: жеңілдік | M5: Жеңілдікпен бағаның жартысын төлейді. G2-ге: D2-де ИСТИНА болса — F2/2, әйтпесе F2. Созып көшір. Тимур қанша төлейді (G4)? | N5: G2 → G7 ұяшығына дейін созып көшір; жауап G4 ұяшығында | O5: =IF(ISBLANK(G2),"—",IF(OR(NOT(_xlfn.ISFORMULA(G2)),NOT(_xlfn.ISFORMULA(G3)),NOT(_xlfn.ISFORMULA(G4)),NOT(_xlfn.ISFORMULA(G5)),NOT(_xlfn.ISFORMULA(G6)),NOT(_xlfn.ISFORMULA(G7))),"✗ дайын жауап емес, формула керек (формуланы төмен созып көшір)",IF(NOT(OR(ISNUMBER(SEARCH("ЕСЛИ(",IFERROR(_xlfn.FORMULATEXT(G2),""))),ISNUMBER(SEARCH("IF(",IFERROR(_xlfn.FORMULATEXT(G2),""))))),"✗ ЕСЛИ функциясы керек",IF(NOT(AND(IFERROR(ABS(G2-(IF(D2,F2/2,F2)))<=0.01*MAX(1,ABS(IF(D2,F2/2,F2))),FALSE),IFERROR(ABS(G3-(IF(D3,F3/2,F3)))<=0.01*MAX(1,ABS(IF(D3,F3/2,F3))),FALSE),IFERROR(ABS(G4-(IF(D4,F4/2,F4)))<=0.01*MAX(1,ABS(IF(D4,F4/2,F4))),FALSE),IFERROR(ABS(G5-(IF(D5,F5/2,F5)))<=0.01*MAX(1,ABS(IF(D5,F5/2,F5))),FALSE),IFERROR(ABS(G6-(IF(D6,F6/2,F6)))<=0.01*MAX(1,ABS(IF(D6,F6/2,F6))),FALSE),IFERROR(ABS(G7-(IF(D7,F7/2,F7)))<=0.01*MAX(1,ABS(IF(D7,F7/2,F7))),FALSE))),"✗ жауап дұрыс емес — формула мен ауқымды тексер","✓ дұрыс"))))
A6: Арман | B6: 30 | C6: сс | K6: 5 | L6: НЕ | M6: Жұмыс күні — бұл демалыс ЕМЕС. H2-ге НЕ арқылы жазып, төмен созып көшір. Арманда не (H6)? | N6: H2 → H7 ұяшығына дейін созып көшір; жауап H6 ұяшығында | O6: =IF(ISBLANK(H2),"—",IF(OR(NOT(_xlfn.ISFORMULA(H2)),NOT(_xlfn.ISFORMULA(H3)),NOT(_xlfn.ISFORMULA(H4)),NOT(_xlfn.ISFORMULA(H5)),NOT(_xlfn.ISFORMULA(H6)),NOT(_xlfn.ISFORMULA(H7))),"✗ дайын жауап емес, формула керек (формуланы төмен созып көшір)",IF(NOT(OR(ISNUMBER(SEARCH("НЕ(",IFERROR(_xlfn.FORMULATEXT(H2),""))),ISNUMBER(SEARCH("NOT(",IFERROR(_xlfn.FORMULATEXT(H2),""))))),"✗ НЕ функциясы керек",IF(NOT(AND(IFERROR(SUBSTITUTE(LOWER(H2&""),"ё","е")=SUBSTITUTE(LOWER((NOT(E2))&""),"ё","е"),FALSE),IFERROR(SUBSTITUTE(LOWER(H3&""),"ё","е")=SUBSTITUTE(LOWER((NOT(E3))&""),"ё","е"),FALSE),IFERROR(SUBSTITUTE(LOWER(H4&""),"ё","е")=SUBSTITUTE(LOWER((NOT(E4))&""),"ё","е"),FALSE),IFERROR(SUBSTITUTE(LOWER(H5&""),"ё","е")=SUBSTITUTE(LOWER((NOT(E5))&""),"ё","е"),FALSE),IFERROR(SUBSTITUTE(LOWER(H6&""),"ё","е")=SUBSTITUTE(LOWER((NOT(E6))&""),"ё","е"),FALSE),IFERROR(SUBSTITUTE(LOWER(H7&""),"ё","е")=SUBSTITUTE(LOWER((NOT(E7))&""),"ё","е"),FALSE))),"✗ жауап дұрыс емес — формула мен ауқымды тексер","✓ дұрыс"))))
A7: Мадина | B7: 15 | C7: сн | K7: 6 | L7: күрделі: түсім | M7: Кинотеатр барлық көрерменнен қанша ақша алады? G2:G7-ні G8-ге қос. | N7: G8 | O7: =IF(ISBLANK(G8),"—",IF(OR(NOT(_xlfn.ISFORMULA(G8))),"✗ дайын жауап емес, формула керек",IF(NOT(OR(ISNUMBER(SEARCH("СУММ(",IFERROR(_xlfn.FORMULATEXT(G8),""))),ISNUMBER(SEARCH("SUM(",IFERROR(_xlfn.FORMULATEXT(G8),""))))),"✗ СУММ функциясы керек",IF(NOT(AND(IFERROR(ABS(G8-(SUM(G2:G7)))<=0.01*MAX(1,ABS(SUM(G2:G7))),FALSE))),"✗ жауап дұрыс емес — формула мен ауқымды тексер","✓ дұрыс"))))
A8: Түсім
M9: Орындалған қадамдар: | O9: =COUNTIF(O2:O7,"✓*")&" / 6"

Sheet S5
A1: Студент | B1: Орташа балл | C1: Сабақ босату | D1: Олимпиада | E1: Шәкіртақы | F1: Жоғары | G1: Мақтау қағазы | H1: Әңгіме | I1: Сомасы, тг | K1: № | L1: Қадам түрі | M1: Тапсырма | N1: Ұяшық | O1: Тексеру
A2: Айдана | B2: 4.8 | C2: 2 | D2: иә | K2: 1 | L2: И | M2: Орташа балл 4,5-тен төмен болмаса ЖӘНЕ сабақ босату 5-тен көп болмаса, шәкіртақы беріледі. E2-ге — И, E6-ға дейін созып көшір. Арманда не (E5)? | N2: E2 → E6 ұяшығына дейін созып көшір; жауап E5 ұяшығында | O2: =IF(ISBLANK(E2),"—",IF(OR(NOT(_xlfn.ISFORMULA(E2)),NOT(_xlfn.ISFORMULA(E3)),NOT(_xlfn.ISFORMULA(E4)),NOT(_xlfn.ISFORMULA(E5)),NOT(_xlfn.ISFORMULA(E6))),"✗ дайын жауап емес, формула керек (формуланы төмен созып көшір)",IF(NOT(OR(ISNUMBER(SEARCH("AND(",IFERROR(_xlfn.FORMULATEXT(E2),""))),(LEN(IFERROR(_xlfn.FORMULATEXT(E2),""))-LEN(SUBSTITUTE(UPPER(IFERROR(_xlfn.FORMULATEXT(E2),"")),"И(","")))/2>(LEN(IFERROR(_xlfn.FORMULATEXT(E2),""))-LEN(SUBSTITUTE(UPPER(IFERROR(_xlfn.FORMULATEXT(E2),"")),"ЛИ(","")))/3)),"✗ И функциясы керек",IF(NOT(AND(IFERROR(SUBSTITUTE(LOWER(E2&""),"ё","е")=SUBSTITUTE(LOWER((AND(B2>=4.5,C2<=5))&""),"ё","е"),FALSE),IFERROR(SUBSTITUTE(LOWER(E3&""),"ё","е")=SUBSTITUTE(LOWER((AND(B3>=4.5,C3<=5))&""),"ё","е"),FALSE),IFERROR(SUBSTITUTE(LOWER(E4&""),"ё","е")=SUBSTITUTE(LOWER((AND(B4>=4.5,C4<=5))&""),"ё","е"),FALSE),IFERROR(SUBSTITUTE(LOWER(E5&""),"ё","е")=SUBSTITUTE(LOWER((AND(B5>=4.5,C5<=5))&""),"ё","е"),FALSE),IFERROR(SUBSTITUTE(LOWER(E6&""),"ё","е")=SUBSTITUTE(LOWER((AND(B6>=4.5,C6<=5))&""),"ё","е"),FALSE))),"✗ жауап дұрыс емес — формула мен ауқымды тексер","✓ дұрыс"))))
A3: Тимур | B3: 4.2 | C3: 0 | D3: жоқ | K3: 2 | L3: ЕСЛИ + И | M3: Жоғарылатылған шәкіртақы — шәкіртақы болса (E2) ЖӘНЕ студент олимпиадаға қатысса (D2 = «иә»). F2-ге — «иә» немесе «жоқ». Айданада не (F2)? | N3: F2 → F6 ұяшығына дейін созып көшір; жауап F2 ұяшығында | O3: =IF(ISBLANK(F2),"—",IF(OR(NOT(_xlfn.ISFORMULA(F2)),NOT(_xlfn.ISFORMULA(F3)),NOT(_xlfn.ISFORMULA(F4)),NOT(_xlfn.ISFORMULA(F5)),NOT(_xlfn.ISFORMULA(F6))),"✗ дайын жауап емес, формула керек (формуланы төмен созып көшір)",IF(NOT(OR(ISNUMBER(SEARCH("ЕСЛИ(",IFERROR(_xlfn.FORMULATEXT(F2),""))),ISNUMBER(SEARCH("IF(",IFERROR(_xlfn.FORMULATEXT(F2),""))))),"✗ ЕСЛИ функциясы керек",IF(NOT(OR(ISNUMBER(SEARCH("AND(",IFERROR(_xlfn.FORMULATEXT(F2),""))),(LEN(IFERROR(_xlfn.FORMULATEXT(F2),""))-LEN(SUBSTITUTE(UPPER(IFERROR(_xlfn.FORMULATEXT(F2),"")),"И(","")))/2>(LEN(IFERROR(_xlfn.FORMULATEXT(F2),""))-LEN(SUBSTITUTE(UPPER(IFERROR(_xlfn.FORMULATEXT(F2),"")),"ЛИ(","")))/3)),"✗ И функциясы керек",IF(NOT(AND(IFERROR(SUBSTITUTE(LOWER(F2&""),"ё","е")=SUBSTITUTE(LOWER((IF(AND(E2,D2="иә"),"иә","жоқ"))&""),"ё","е"),FALSE),IFERROR(SUBSTITUTE(LOWER(F3&""),"ё","е")=SUBSTITUTE(LOWER((IF(AND(E3,D3="иә"),"иә","жоқ"))&""),"ё","е"),FALSE),IFERROR(SUBSTITUTE(LOWER(F4&""),"ё","е")=SUBSTITUTE(LOWER((IF(AND(E4,D4="иә"),"иә","жоқ"))&""),"ё","е"),FALSE),IFERROR(SUBSTITUTE(LOWER(F5&""),"ё","е")=SUBSTITUTE(LOWER((IF(AND(E5,D5="иә"),"иә","жоқ"))&""),"ё","е"),FALSE),IFERROR(SUBSTITUTE(LOWER(F6&""),"ё","е")=SUBSTITUTE(LOWER((IF(AND(E6,D6="иә"),"иә","жоқ"))&""),"ё","е"),FALSE))),"✗ жауап дұрыс емес — формула мен ауқымды тексер","✓ дұрыс")))))
A4: Дана | B4: 3.9 | C4: 5 | D4: иә | K4: 3 | L4: ИЛИ | M4: Мақтау қағазы — орташа балл 5 НЕМЕСЕ олимпиада «иә» болса. G2-ге — ИЛИ, созып көшір. Данада не (G4)? | N4: G2 → G6 ұяшығына дейін созып көшір; жауап G4 ұяшығында | O4: =IF(ISBLANK(G2),"—",IF(OR(NOT(_xlfn.ISFORMULA(G2)),NOT(_xlfn.ISFORMULA(G3)),NOT(_xlfn.ISFORMULA(G4)),NOT(_xlfn.ISFORMULA(G5)),NOT(_xlfn.ISFORMULA(G6))),"✗ дайын жауап емес, формула керек (формуланы төмен созып көшір)",IF(NOT(OR(ISNUMBER(SEARCH("ИЛИ(",IFERROR(_xlfn.FORMULATEXT(G2),""))),ISNUMBER(SEARCH("OR(",IFERROR(_xlfn.FORMULATEXT(G2),""))))),"✗ ИЛИ функциясы керек",IF(NOT(AND(IFERROR(SUBSTITUTE(LOWER(G2&""),"ё","е")=SUBSTITUTE(LOWER((OR(B2=5,D2="иә"))&""),"ё","е"),FALSE),IFERROR(SUBSTITUTE(LOWER(G3&""),"ё","е")=SUBSTITUTE(LOWER((OR(B3=5,D3="иә"))&""),"ё","е"),FALSE),IFERROR(SUBSTITUTE(LOWER(G4&""),"ё","е")=SUBSTITUTE(LOWER((OR(B4=5,D4="иә"))&""),"ё","е"),FALSE),IFERROR(SUBSTITUTE(LOWER(G5&""),"ё","е")=SUBSTITUTE(LOWER((OR(B5=5,D5="иә"))&""),"ё","е"),FALSE),IFERROR(SUBSTITUTE(LOWER(G6&""),"ё","е")=SUBSTITUTE(LOWER((OR(B6=5,D6="иә"))&""),"ё","е"),FALSE))),"✗ жауап дұрыс емес — формула мен ауқымды тексер","✓ дұрыс"))))
A5: Арман | B5: 4.6 | C5: 12 | D5: жоқ | K5: 4 | L5: НЕ | M5: Шәкіртақысы ЖОҚ студенттермен әңгіме өткізу керек. H2-ге — НЕ, төмен созып көшір. Тимурда не (H3)? | N5: H2 → H6 ұяшығына дейін созып көшір; жауап H3 ұяшығында | O5: =IF(ISBLANK(H2),"—",IF(OR(NOT(_xlfn.ISFORMULA(H2)),NOT(_xlfn.ISFORMULA(H3)),NOT(_xlfn.ISFORMULA(H4)),NOT(_xlfn.ISFORMULA(H5)),NOT(_xlfn.ISFORMULA(H6))),"✗ дайын жауап емес, формула керек (формуланы төмен созып көшір)",IF(NOT(OR(ISNUMBER(SEARCH("НЕ(",IFERROR(_xlfn.FORMULATEXT(H2),""))),ISNUMBER(SEARCH("NOT(",IFERROR(_xlfn.FORMULATEXT(H2),""))))),"✗ НЕ функциясы керек",IF(NOT(AND(IFERROR(SUBSTITUTE(LOWER(H2&""),"ё","е")=SUBSTITUTE(LOWER((NOT(E2))&""),"ё","е"),FALSE),IFERROR(SUBSTITUTE(LOWER(H3&""),"ё","е")=SUBSTITUTE(LOWER((NOT(E3))&""),"ё","е"),FALSE),IFERROR(SUBSTITUTE(LOWER(H4&""),"ё","е")=SUBSTITUTE(LOWER((NOT(E4))&""),"ё","е"),FALSE),IFERROR(SUBSTITUTE(LOWER(H5&""),"ё","е")=SUBSTITUTE(LOWER((NOT(E5))&""),"ё","е"),FALSE),IFERROR(SUBSTITUTE(LOWER(H6&""),"ё","е")=SUBSTITUTE(LOWER((NOT(E6))&""),"ё","е"),FALSE))),"✗ жауап дұрыс емес — формула мен ауқымды тексер","✓ дұрыс"))))
A6: Мадина | B6: 5 | C6: 1 | D6: жоқ | K6: 5 | L6: ЕСЛИ ішінде ЕСЛИ | M6: Шәкіртақы мөлшері: жоғарылатылған — 60 000 тг, кәдімгі — 40 000 тг, шәкіртақы жоқ — 0. I2-ге — ЕСЛИ ішінде ЕСЛИ, созып көшір. Мадинада қанша (I6)? | N6: I2 → I6 ұяшығына дейін созып көшір; жауап I6 ұяшығында | O6: =IF(ISBLANK(I2),"—",IF(OR(NOT(_xlfn.ISFORMULA(I2)),NOT(_xlfn.ISFORMULA(I3)),NOT(_xlfn.ISFORMULA(I4)),NOT(_xlfn.ISFORMULA(I5)),NOT(_xlfn.ISFORMULA(I6))),"✗ дайын жауап емес, формула керек (формуланы төмен созып көшір)",IF(NOT(OR(ISNUMBER(SEARCH("ЕСЛИ(",IFERROR(_xlfn.FORMULATEXT(I2),""))),ISNUMBER(SEARCH("IF(",IFERROR(_xlfn.FORMULATEXT(I2),""))))),"✗ ЕСЛИ функциясы керек",IF(NOT(AND(IFERROR(ABS(I2-(IF(F2="иә",60000,IF(E2,40000,0))))<=0.01*MAX(1,ABS(IF(F2="иә",60000,IF(E2,40000,0)))),FALSE),IFERROR(ABS(I3-(IF(F3="иә",60000,IF(E3,40000,0))))<=0.01*MAX(1,ABS(IF(F3="иә",60000,IF(E3,40000,0)))),FALSE),IFERROR(ABS(I4-(IF(F4="иә",60000,IF(E4,40000,0))))<=0.01*MAX(1,ABS(IF(F4="иә",60000,IF(E4,40000,0)))),FALSE),IFERROR(ABS(I5-(IF(F5="иә",60000,IF(E5,40000,0))))<=0.01*MAX(1,ABS(IF(F5="иә",60000,IF(E5,40000,0)))),FALSE),IFERROR(ABS(I6-(IF(F6="иә",60000,IF(E6,40000,0))))<=0.01*MAX(1,ABS(IF(F6="иә",60000,IF(E6,40000,0)))),FALSE))),"✗ жауап дұрыс емес — формула мен ауқымды тексер","✓ дұрыс"))))
K7: 6 | L7: күрделі: барлығы | M7: Барлық шәкіртақыға қанша ақша керек? I2:I6-ны I8-ге қос. | N7: I8 | O7: =IF(ISBLANK(I8),"—",IF(OR(NOT(_xlfn.ISFORMULA(I8))),"✗ дайын жауап емес, формула керек",IF(NOT(OR(ISNUMBER(SEARCH("СУММ(",IFERROR(_xlfn.FORMULATEXT(I8),""))),ISNUMBER(SEARCH("SUM(",IFERROR(_xlfn.FORMULATEXT(I8),""))))),"✗ СУММ функциясы керек",IF(NOT(AND(IFERROR(ABS(I8-(SUM(I2:I6)))<=0.01*MAX(1,ABS(SUM(I2:I6))),FALSE))),"✗ жауап дұрыс емес — формула мен ауқымды тексер","✓ дұрыс"))))
A8: Барлығы
M9: Орындалған қадамдар: | O9: =COUNTIF(O2:O7,"✓*")&" / 6"

Sheet Қорытынды
A1: Өзін-өзі тексеру қорытындысы
A2: ="Оқушы: "&Басы!B4&", "&Басы!B3
A4: Сценарий | B4: Атауы | C4: Функциялар | D4: Дұрыс | E4: Барлығы
A5: S1 | B5: БЖБ журналы | C5: ЕСЛИ | D5: =COUNTIF(S1!O2:O7,"✓*") | E5: 6
A6: S2 | B6: Интернет-дүкен | C6: ЕСЛИ | D6: =COUNTIF(S2!O2:O7,"✓*") | E6: 6
A7: S3 | B7: Дене шынықтыру нормалары | C7: И | D7: =COUNTIF(S3!O2:O7,"✓*") | E7: 6
A8: S4 | B8: Кинотеатр | C8: ИЛИ | D8: =COUNTIF(S4!O2:O7,"✓*") | E8: 6
A9: S5 | B9: Шәкіртақы | C9: ЕСЛИ · И · ИЛИ · НЕ | D9: =COUNTIF(S5!O2:O7,"✓*") | E9: 6
B10: Барлығы | D10: =SUM(D5:D9) | E10: =SUM(E5:E9)
