Workbook

Sheet Начало
A1: Самопроверка: математические функции в Excel
A3: Класс:
A4: Фамилия и имя:
A6: Как работать
A7: 1. Открой лист сценария (S1–S6). Таблица с данными уже заполнена.
A8: 2. Справа — шаги. Пиши формулу в жёлтую ячейку, которая указана в шаге.
A9: 3. В столбце «Проверка» Excel сразу покажет: ✓ верно — или что исправить.
A10: 4. Шаги со словами «измени…» — поменяй число в таблице, формулу не трогай.
A11: 5. Общий счёт — на листе «Итог».

Sheet S1
A1: Товар | B1: Магазин 1 | C1: Магазин 2 | J1: № | K1: Тип шага | L1: Задание | M1: Ячейка | N1: Проверка
A2: Тетрадь | B2: 150 | C2: 140 | J2: 1 | K2: диапазон | L2: Сколько стоят все товары в Магазине 1? | M2: B8 | N2: =IF(ISBLANK(B8),"—",IF( OR(NOT(_xlfn.ISFORMULA(B8))),"✗ нужна формула, а не число",IF(NOT(OR(ISNUMBER(SEARCH("СУММ(",IFERROR(_xlfn.FORMULATEXT(B8),""))),ISNUMBER(SEARCH("SUM(",IFERROR(_xlfn.FORMULATEXT(B8),""))))),"✗ нужна функция СУММ",IF(NOT(AND(IFERROR(ABS(B8-(SUM(B2:B7)))<=0.01*MAX(1,ABS(SUM(B2:B7))),FALSE))),"✗ ответ неверный — проверь формулу",IF((LEN(IFERROR(_xlfn.FORMULATEXT(B8),""))-LEN(SUBSTITUTE(IFERROR(_xlfn.FORMULATEXT(B8),""),":","")))<1,"✗ ответ верный, но используй диапазон через «:»","✓ верно")))))
A3: Ручка | B3: 120 | C3: 130 | J3: 2 | K3: кнопка Σ | L3: Посчитай итог Магазина 2 кнопкой Σ «Автосумма» на вкладке «Главная»: выдели C8, нажми Σ, проверь рамку вокруг чисел и нажми Enter. | M3: C8 | N3: =IF(ISBLANK(C8),"—",IF( OR(NOT(_xlfn.ISFORMULA(C8))),"✗ нужна формула, а не число",IF(NOT(OR(ISNUMBER(SEARCH("СУММ(",IFERROR(_xlfn.FORMULATEXT(C8),""))),ISNUMBER(SEARCH("SUM(",IFERROR(_xlfn.FORMULATEXT(C8),""))))),"✗ нужна функция СУММ",IF(NOT(AND(IFERROR(ABS(C8-(SUM(C2:C7)))<=0.01*MAX(1,ABS(SUM(C2:C7))),FALSE))),"✗ ответ неверный — проверь формулу","✓ верно"))))
A4: Карандаш | B4: 80 | C4: 70 | J4: 3 | K4: отдельные ячейки | L4: Купили тетрадь, ручку и ластик в Магазине 1. Сколько заплатили? Ячейки перечисли через «;» — или щёлкай по ним, зажав Ctrl. | M4: E2 | N4: =IF(ISBLANK(E2),"—",IF( OR(NOT(_xlfn.ISFORMULA(E2))),"✗ нужна формула, а не число",IF(NOT(OR(ISNUMBER(SEARCH("СУММ(",IFERROR(_xlfn.FORMULATEXT(E2),""))),ISNUMBER(SEARCH("SUM(",IFERROR(_xlfn.FORMULATEXT(E2),""))))),"✗ нужна функция СУММ",IF(NOT(AND(IFERROR(ABS(E2-(B2+B3+B6))<=0.01*MAX(1,ABS(B2+B3+B6)),FALSE))),"✗ ответ неверный — проверь формулу",IF((LEN(IFERROR(_xlfn.FORMULATEXT(E2),""))-LEN(SUBSTITUTE(IFERROR(_xlfn.FORMULATEXT(E2),""),":","")))>0,"✗ ответ верный, но перечисли ячейки через «;», без диапазона","✓ верно")))))
A5: Линейка | B5: 200 | C5: 220 | J5: 4 | K5: ячейки + число | L5: Тетрадь и ручка из Магазина 1 плюс доставка 500 тг. Сколько всего? | M5: E3 | N5: =IF(ISBLANK(E3),"—",IF( OR(NOT(_xlfn.ISFORMULA(E3))),"✗ нужна формула, а не число",IF(NOT(OR(ISNUMBER(SEARCH("СУММ(",IFERROR(_xlfn.FORMULATEXT(E3),""))),ISNUMBER(SEARCH("SUM(",IFERROR(_xlfn.FORMULATEXT(E3),""))))),"✗ нужна функция СУММ",IF(NOT(AND(IFERROR(ABS(E3-(B2+B3+500))<=0.01*MAX(1,ABS(B2+B3+500)),FALSE))),"✗ ответ неверный — проверь формулу",IF(ISERROR(SEARCH("500",IFERROR(_xlfn.FORMULATEXT(E3),""))),"✗ ответ верный, но запиши так, как просит шаг","✓ верно")))))
A6: Ластик | B6: 60 | C6: 50 | J6: 5 | K6: диапазон + ячейка | L6: Первые три товара (тетрадь, ручка, карандаш) и пенал из Магазина 1. | M6: E4 | N6: =IF(ISBLANK(E4),"—",IF( OR(NOT(_xlfn.ISFORMULA(E4))),"✗ нужна формула, а не число",IF(NOT(OR(ISNUMBER(SEARCH("СУММ(",IFERROR(_xlfn.FORMULATEXT(E4),""))),ISNUMBER(SEARCH("SUM(",IFERROR(_xlfn.FORMULATEXT(E4),""))))),"✗ нужна функция СУММ",IF(NOT(AND(IFERROR(ABS(E4-(SUM(B2:B4)+B7))<=0.01*MAX(1,ABS(SUM(B2:B4)+B7)),FALSE))),"✗ ответ неверный — проверь формулу",IF((LEN(IFERROR(_xlfn.FORMULATEXT(E4),""))-LEN(SUBSTITUTE(IFERROR(_xlfn.FORMULATEXT(E4),""),":","")))<>1,"✗ ответ верный, но запиши одним диапазоном",IF(ISERROR(SEARCH("B7",IFERROR(_xlfn.FORMULATEXT(E4),""))),"✗ ответ верный, но запиши так, как просит шаг","✓ верно"))))))
A7: Пенал | B7: 1500 | C7: 1400 | J7: 6 | K7: два диапазона | L7: Сколько стоят все товары обоих магазинов вместе? Одна формула, два диапазона через «;». | M7: E5 | N7: =IF(ISBLANK(E5),"—",IF( OR(NOT(_xlfn.ISFORMULA(E5))),"✗ нужна формула, а не число",IF(NOT(OR(ISNUMBER(SEARCH("СУММ(",IFERROR(_xlfn.FORMULATEXT(E5),""))),ISNUMBER(SEARCH("SUM(",IFERROR(_xlfn.FORMULATEXT(E5),""))))),"✗ нужна функция СУММ",IF(NOT(AND(IFERROR(ABS(E5-(SUM(B2:B7)+SUM(C2:C7)))<=0.01*MAX(1,ABS(SUM(B2:B7)+SUM(C2:C7))),FALSE))),"✗ ответ неверный — проверь формулу",IF((LEN(IFERROR(_xlfn.FORMULATEXT(E5),""))-LEN(SUBSTITUTE(IFERROR(_xlfn.FORMULATEXT(E5),""),":","")))<>2,"✗ ответ верный, но нужны два диапазона через «;»","✓ верно")))))
A8: Итого | J8: 7 | K8: прямоугольник | L8: То же самое одним диапазоном-прямоугольником: от левой верхней цены до правой нижней. Сравни с E5. | M8: E6 | N8: =IF(ISBLANK(E6),"—",IF( OR(NOT(_xlfn.ISFORMULA(E6))),"✗ нужна формула, а не число",IF(NOT(OR(ISNUMBER(SEARCH("СУММ(",IFERROR(_xlfn.FORMULATEXT(E6),""))),ISNUMBER(SEARCH("SUM(",IFERROR(_xlfn.FORMULATEXT(E6),""))))),"✗ нужна функция СУММ",IF(NOT(AND(IFERROR(ABS(E6-(SUM(B2:C7)))<=0.01*MAX(1,ABS(SUM(B2:C7))),FALSE))),"✗ ответ неверный — проверь формулу",IF((LEN(IFERROR(_xlfn.FORMULATEXT(E6),""))-LEN(SUBSTITUTE(IFERROR(_xlfn.FORMULATEXT(E6),""),":","")))<>1,"✗ ответ верный, но запиши одним диапазоном","✓ верно")))))
J9: 8 | K9: сложное: автопересчёт | L9: Пенал в Магазине 1 подешевел до 1200. Измени число в B7, формулу не трогай. Какое число теперь в B8? | M9: B8 | N9: =IF(ISBLANK(B8),"—",IF(NOT(B7=1200),"✗ сначала измени B7 на 1200",IF( OR(NOT(_xlfn.ISFORMULA(B8))),"✗ нужна формула, а не число",IF(NOT(OR(ISNUMBER(SEARCH("СУММ(",IFERROR(_xlfn.FORMULATEXT(B8),""))),ISNUMBER(SEARCH("SUM(",IFERROR(_xlfn.FORMULATEXT(B8),""))))),"✗ нужна функция СУММ",IF(NOT(AND(IFERROR(ABS(B8-(SUM(B2:B7)))<=0.01*MAX(1,ABS(SUM(B2:B7))),FALSE))),"✗ ответ неверный — проверь формулу","✓ верно")))))
L11: Выполнено шагов: | N11: =COUNTIF(N2:N9,"✓*")&" из 8"

Sheet S2
A1: День | B1: Утро | C1: Вечер | D1: Изменение | E1: Без ABS | J1: № | K1: Тип шага | L1: Задание | M1: Ячейка | N1: Проверка
A2: Пн | B2: -3 | C2: 4 | J2: 1 | K2: модуль числа | L2: Набери в G2 формулу с модулем числа −12. Что получилось? | M2: G2 | N2: =IF(ISBLANK(G2),"—",IF( OR(NOT(_xlfn.ISFORMULA(G2))),"✗ нужна формула, а не число",IF(NOT(OR(ISNUMBER(SEARCH("ABS(",IFERROR(_xlfn.FORMULATEXT(G2),""))),ISNUMBER(SEARCH("ABS(",IFERROR(_xlfn.FORMULATEXT(G2),""))))),"✗ нужна функция ABS",IF(NOT(AND(IFERROR(ABS(G2-(12))<=0.01*MAX(1,ABS(12)),FALSE))),"✗ ответ неверный — проверь формулу","✓ верно"))))
A3: Вт | B3: 2 | C3: -2 | J3: 2 | K3: модуль ячейки | L3: Найди модуль утренней температуры понедельника. | M3: G3 | N3: =IF(ISBLANK(G3),"—",IF( OR(NOT(_xlfn.ISFORMULA(G3))),"✗ нужна формула, а не число",IF(NOT(OR(ISNUMBER(SEARCH("ABS(",IFERROR(_xlfn.FORMULATEXT(G3),""))),ISNUMBER(SEARCH("ABS(",IFERROR(_xlfn.FORMULATEXT(G3),""))))),"✗ нужна функция ABS",IF(NOT(AND(IFERROR(ABS(G3-(ABS(B2)))<=0.01*MAX(1,ABS(ABS(B2))),FALSE))),"✗ ответ неверный — проверь формулу","✓ верно"))))
A4: Ср | B4: -6 | C4: -1 | J4: 3 | K4: разность без ABS | L4: В E2 запиши разницу «вечер минус утро» без ABS и протяни формулу вниз до E8 за маленький квадрат в углу ячейки. Что получилось во вторник (E3)? | M4: E2 → протяни вниз; ответ в E3 | N4: =IF(ISBLANK(E3),"—",IF( OR(NOT(_xlfn.ISFORMULA(E3)),NOT(_xlfn.ISFORMULA(E8))),"✗ нужна формула, а не число (протяни формулу вниз)",IF(OR(ISNUMBER(SEARCH("ABS(",IFERROR(_xlfn.FORMULATEXT(E3),""))),ISNUMBER(SEARCH("ABS(",IFERROR(_xlfn.FORMULATEXT(E3),"")))),"✗ здесь обойдись без ABS",IF(NOT(AND(IFERROR(ABS(E3-(C3-B3))<=0.01*MAX(1,ABS(C3-B3)),FALSE),IFERROR(ABS(E8-(C8-B8))<=0.01*MAX(1,ABS(C8-B8)),FALSE))),"✗ ответ неверный — проверь формулу","✓ верно"))))
A5: Чт | B5: 0 | C5: 3 | J5: 4 | K5: ABS разности | L5: В D2 запиши изменение температуры без минуса и протяни до D8. Что во вторник (D3)? | M5: D2 → протяни вниз; ответ в D3 | N5: =IF(ISBLANK(D3),"—",IF( OR(NOT(_xlfn.ISFORMULA(D3)),NOT(_xlfn.ISFORMULA(D8))),"✗ нужна формула, а не число (протяни формулу вниз)",IF(NOT(OR(ISNUMBER(SEARCH("ABS(",IFERROR(_xlfn.FORMULATEXT(D3),""))),ISNUMBER(SEARCH("ABS(",IFERROR(_xlfn.FORMULATEXT(D3),""))))),"✗ нужна функция ABS",IF(NOT(AND(IFERROR(ABS(D3-(ABS(C3-B3)))<=0.01*MAX(1,ABS(ABS(C3-B3))),FALSE),IFERROR(ABS(D8-(ABS(C8-B8)))<=0.01*MAX(1,ABS(ABS(C8-B8))),FALSE))),"✗ ответ неверный — проверь формулу","✓ верно"))))
A6: Пт | B6: 4 | C6: 8 | J6: 5 | K6: проверка протягивания | L6: Какое изменение получилось в среду (D4)? Нажми на D4 и посмотри, какие ячейки стоят в формуле. | M6: D4 | N6: =IF(ISBLANK(D4),"—",IF( OR(NOT(_xlfn.ISFORMULA(D4))),"✗ нужна формула, а не число",IF(NOT(OR(ISNUMBER(SEARCH("ABS(",IFERROR(_xlfn.FORMULATEXT(D4),""))),ISNUMBER(SEARCH("ABS(",IFERROR(_xlfn.FORMULATEXT(D4),""))))),"✗ нужна функция ABS",IF(NOT(AND(IFERROR(ABS(D4-(ABS(C4-B4)))<=0.01*MAX(1,ABS(ABS(C4-B4))),FALSE))),"✗ ответ неверный — проверь формулу","✓ верно"))))
A7: Сб | B7: -1 | C7: -5 | J7: 6 | K7: сложное: СУММ + ABS | L7: На сколько градусов всего менялась температура за неделю? Сложи столбец D. | M7: G4 | N7: =IF(ISBLANK(G4),"—",IF( OR(NOT(_xlfn.ISFORMULA(G4))),"✗ нужна формула, а не число",IF(NOT(OR(ISNUMBER(SEARCH("СУММ(",IFERROR(_xlfn.FORMULATEXT(G4),""))),ISNUMBER(SEARCH("SUM(",IFERROR(_xlfn.FORMULATEXT(G4),""))))),"✗ нужна функция СУММ",IF(NOT(AND(IFERROR(ABS(G4-(SUMPRODUCT(ABS(C2:C8-B2:B8))))<=0.01*MAX(1,ABS(SUMPRODUCT(ABS(C2:C8-B2:B8)))),FALSE))),"✗ ответ неверный — проверь формулу","✓ верно"))))
A8: Вс | B8: 5 | C8: 9 | J8: 7 | K8: сложное: сравнение | L8: А теперь сложи столбец E (без ABS). Почему получилось меньше, чем в G4? | M8: G5 | N8: =IF(ISBLANK(G5),"—",IF( OR(NOT(_xlfn.ISFORMULA(G5))),"✗ нужна формула, а не число",IF(NOT(OR(ISNUMBER(SEARCH("СУММ(",IFERROR(_xlfn.FORMULATEXT(G5),""))),ISNUMBER(SEARCH("SUM(",IFERROR(_xlfn.FORMULATEXT(G5),""))))),"✗ нужна функция СУММ",IF(NOT(AND(IFERROR(ABS(G5-(SUM(C2:C8)-SUM(B2:B8)))<=0.01*MAX(1,ABS(SUM(C2:C8)-SUM(B2:B8))),FALSE))),"✗ ответ неверный — проверь формулу","✓ верно"))))
J9: 8 | K9: сложное: одна формула | L9: На сколько градусов утро воскресенья отличается от утра понедельника? Одной формулой с ABS. | M9: G6 | N9: =IF(ISBLANK(G6),"—",IF( OR(NOT(_xlfn.ISFORMULA(G6))),"✗ нужна формула, а не число",IF(NOT(OR(ISNUMBER(SEARCH("ABS(",IFERROR(_xlfn.FORMULATEXT(G6),""))),ISNUMBER(SEARCH("ABS(",IFERROR(_xlfn.FORMULATEXT(G6),""))))),"✗ нужна функция ABS",IF(NOT(AND(IFERROR(ABS(G6-(ABS(B8-B2)))<=0.01*MAX(1,ABS(ABS(B8-B2))),FALSE))),"✗ ответ неверный — проверь формулу","✓ верно"))))
L11: Выполнено шагов: | N11: =COUNTIF(N2:N9,"✓*")&" из 8"

Sheet S3
A1: Участок | B1: Площадь, м² | C1: Сторона, м | D1: Забор, м | J1: № | K1: Тип шага | L1: Задание | M1: Ячейка | N1: Проверка
A2: Сад | B2: 64 | J2: 1 | K2: корень ячейки | L2: Найди сторону сада. | M2: C2 | N2: =IF(ISBLANK(C2),"—",IF( OR(NOT(_xlfn.ISFORMULA(C2))),"✗ нужна формула, а не число",IF(NOT(OR(ISNUMBER(SEARCH("КОРЕНЬ(",IFERROR(_xlfn.FORMULATEXT(C2),""))),ISNUMBER(SEARCH("SQRT(",IFERROR(_xlfn.FORMULATEXT(C2),""))))),"✗ нужна функция КОРЕНЬ",IF(NOT(AND(IFERROR(ABS(C2-(SQRT(B2)))<=0.01*MAX(1,ABS(SQRT(B2))),FALSE))),"✗ ответ неверный — проверь формулу","✓ верно"))))
A3: Огород | B3: 100 | J3: 2 | K3: протягивание | L3: Протяни формулу из C2 вниз до C6. Какая сторона у двора (C5)? | M3: C5 | N3: =IF(ISBLANK(C5),"—",IF( OR(NOT(_xlfn.ISFORMULA(C5)),NOT(_xlfn.ISFORMULA(C6))),"✗ нужна формула, а не число (протяни формулу вниз)",IF(NOT(AND(IFERROR(ABS(C5-(SQRT(B5)))<=0.01*MAX(1,ABS(SQRT(B5))),FALSE),IFERROR(ABS(C6-(SQRT(B6)))<=0.01*MAX(1,ABS(SQRT(B6))),FALSE))),"✗ ответ неверный — проверь формулу","✓ верно")))
A4: Клумба | B4: 2 | J4: 3 | K4: дробный ответ | L4: Какая сторона у клумбы (C4)? Оставь 2 знака после запятой кнопкой «Уменьшить разрядность» на вкладке «Главная». | M4: C4 | N4: =IF(ISBLANK(C4),"—",IF( OR(NOT(_xlfn.ISFORMULA(C4))),"✗ нужна формула, а не число",IF(NOT(AND(IFERROR(ABS(C4-(SQRT(B4)))<=0.01*MAX(1,ABS(SQRT(B4))),FALSE))),"✗ ответ неверный — проверь формулу","✓ верно")))
A5: Двор | B5: 225 | J5: 4 | K5: корень числа | L5: Найди корень из 144 — число впиши прямо в формулу. | M5: F2 | N5: =IF(ISBLANK(F2),"—",IF( OR(NOT(_xlfn.ISFORMULA(F2))),"✗ нужна формула, а не число",IF(NOT(OR(ISNUMBER(SEARCH("КОРЕНЬ(",IFERROR(_xlfn.FORMULATEXT(F2),""))),ISNUMBER(SEARCH("SQRT(",IFERROR(_xlfn.FORMULATEXT(F2),""))))),"✗ нужна функция КОРЕНЬ",IF(NOT(AND(IFERROR(ABS(F2-(12))<=0.01*MAX(1,ABS(12)),FALSE))),"✗ ответ неверный — проверь формулу","✓ верно"))))
A6: Теплица | B6: 50 | J6: 5 | K6: корень × число | L6: Сколько метров забора нужно вокруг сада? У квадрата 4 стороны. | M6: D2 | N6: =IF(ISBLANK(D2),"—",IF( OR(NOT(_xlfn.ISFORMULA(D2))),"✗ нужна формула, а не число",IF(NOT(AND(IFERROR(ABS(D2-(SQRT(B2)*4))<=0.01*MAX(1,ABS(SQRT(B2)*4)),FALSE))),"✗ ответ неверный — проверь формулу","✓ верно")))
J7: 6 | K7: ошибка | L7: Набери в F3 корень из −25. Что показывает Excel? | M7: F3 | N7: =IF(ISBLANK(F3),"—",IF( OR(NOT(_xlfn.ISFORMULA(F3))),"✗ нужна формула, а не число",IF(NOT(OR(ISNUMBER(SEARCH("КОРЕНЬ(",IFERROR(_xlfn.FORMULATEXT(F3),""))),ISNUMBER(SEARCH("SQRT(",IFERROR(_xlfn.FORMULATEXT(F3),""))))),"✗ нужна функция КОРЕНЬ",IF(NOT(ISERROR(F3)),"✗ ответ неверный — проверь формулу","✓ верно"))))
J8: 7 | K8: исправление ошибки | L8: Исправь: убери минус внутри корня с помощью ABS. | M8: F4 | N8: =IF(ISBLANK(F4),"—",IF( OR(NOT(_xlfn.ISFORMULA(F4))),"✗ нужна формула, а не число",IF(NOT(OR(ISNUMBER(SEARCH("КОРЕНЬ(",IFERROR(_xlfn.FORMULATEXT(F4),""))),ISNUMBER(SEARCH("SQRT(",IFERROR(_xlfn.FORMULATEXT(F4),""))))),"✗ нужна функция КОРЕНЬ",IF(NOT(OR(ISNUMBER(SEARCH("ABS(",IFERROR(_xlfn.FORMULATEXT(F4),""))),ISNUMBER(SEARCH("ABS(",IFERROR(_xlfn.FORMULATEXT(F4),""))))),"✗ нужна функция ABS",IF(NOT(AND(IFERROR(ABS(F4-(5))<=0.01*MAX(1,ABS(5)),FALSE))),"✗ ответ неверный — проверь формулу","✓ верно")))))
J9: 8 | K9: сложное: Пифагор | L9: Найди диагональ сада: корень из суммы квадратов двух сторон. Сторона уже в C2. Ответ — с 2 знаками после запятой. | M9: F5 | N9: =IF(ISBLANK(F5),"—",IF( OR(NOT(_xlfn.ISFORMULA(F5))),"✗ нужна формула, а не число",IF(NOT(OR(ISNUMBER(SEARCH("КОРЕНЬ(",IFERROR(_xlfn.FORMULATEXT(F5),""))),ISNUMBER(SEARCH("SQRT(",IFERROR(_xlfn.FORMULATEXT(F5),""))))),"✗ нужна функция КОРЕНЬ",IF(NOT(AND(IFERROR(ABS(F5-(SQRT(2*B2)))<=0.01*MAX(1,ABS(SQRT(2*B2))),FALSE))),"✗ ответ неверный — проверь формулу","✓ верно"))))
L11: Выполнено шагов: | N11: =COUNTIF(N2:N9,"✓*")&" из 8"

Sheet S4
A1: Число | B1: Степень | C1: СТЕПЕНЬ | D1: Знак ^ | J1: № | K1: Тип шага | L1: Задание | M1: Ячейка | N1: Проверка
A2: 2 | B2: 3 | J2: 1 | K2: две ячейки | L2: Возведи число из A2 в степень из B2. | M2: C2 | N2: =IF(ISBLANK(C2),"—",IF( OR(NOT(_xlfn.ISFORMULA(C2))),"✗ нужна формула, а не число",IF(NOT(OR(ISNUMBER(SEARCH("СТЕПЕНЬ(",IFERROR(_xlfn.FORMULATEXT(C2),""))),ISNUMBER(SEARCH("POWER(",IFERROR(_xlfn.FORMULATEXT(C2),""))))),"✗ нужна функция СТЕПЕНЬ",IF(NOT(AND(IFERROR(ABS(C2-(POWER(A2,B2)))<=0.01*MAX(1,ABS(POWER(A2,B2))),FALSE))),"✗ ответ неверный — проверь формулу","✓ верно"))))
A3: 3 | B3: 2 | J3: 2 | K3: протягивание | L3: Протяни C2 до C6. Что в C5? | M3: C5 | N3: =IF(ISBLANK(C5),"—",IF( OR(NOT(_xlfn.ISFORMULA(C5))),"✗ нужна формула, а не число (протяни формулу вниз)",IF(NOT(AND(IFERROR(ABS(C5-(POWER(A5,B5)))<=0.01*MAX(1,ABS(POWER(A5,B5))),FALSE))),"✗ ответ неверный — проверь формулу","✓ верно")))
A4: 5 | B4: 0 | J4: 3 | K4: отрицательная степень | L4: Что в C6? Число 4 в степени −1. | M4: C6 | N4: =IF(ISBLANK(C6),"—",IF( OR(NOT(_xlfn.ISFORMULA(C6))),"✗ нужна формула, а не число",IF(NOT(AND(IFERROR(ABS(C6-(POWER(A6,B6)))<=0.01*MAX(1,ABS(POWER(A6,B6))),FALSE))),"✗ ответ неверный — проверь формулу","✓ верно")))
A5: 10 | B5: 4 | J5: 4 | K5: знак ^ | L5: В D2 сделай то же знаком ^ и протяни вниз. Что в D3? Совпадает ли с C3? | M5: D2 → протяни вниз; ответ в D3 | N5: =IF(ISBLANK(D3),"—",IF( OR(NOT(_xlfn.ISFORMULA(D3)),NOT(_xlfn.ISFORMULA(D6))),"✗ нужна формула, а не число (протяни формулу вниз)",IF(OR(ISNUMBER(SEARCH("СТЕПЕНЬ(",IFERROR(_xlfn.FORMULATEXT(D3),""))),ISNUMBER(SEARCH("POWER(",IFERROR(_xlfn.FORMULATEXT(D3),"")))),"✗ здесь обойдись без СТЕПЕНЬ",IF(NOT(AND(IFERROR(ABS(D3-(A3^B3))<=0.01*MAX(1,ABS(A3^B3)),FALSE),IFERROR(ABS(D6-(A6^B6))<=0.01*MAX(1,ABS(A6^B6)),FALSE))),"✗ ответ неверный — проверь формулу",IF(ISERROR(SEARCH("^",IFERROR(_xlfn.FORMULATEXT(D3),""))),"✗ ответ верный, но запиши так, как просит шаг","✓ верно")))))
A6: 4 | B6: -1 | J6: 5 | K6: ячейка + число | L6: Возведи число из A2 в 10-ю степень. | M6: F2 | N6: =IF(ISBLANK(F2),"—",IF( OR(NOT(_xlfn.ISFORMULA(F2))),"✗ нужна формула, а не число",IF(NOT(OR(ISNUMBER(SEARCH("СТЕПЕНЬ(",IFERROR(_xlfn.FORMULATEXT(F2),""))),ISNUMBER(SEARCH("POWER(",IFERROR(_xlfn.FORMULATEXT(F2),""))))),"✗ нужна функция СТЕПЕНЬ",IF(NOT(AND(IFERROR(ABS(F2-(POWER(A2,10)))<=0.01*MAX(1,ABS(POWER(A2,10))),FALSE))),"✗ ответ неверный — проверь формулу",IF(ISERROR(SEARCH("10",IFERROR(_xlfn.FORMULATEXT(F2),""))),"✗ ответ верный, но запиши так, как просит шаг","✓ верно")))))
J7: 6 | K7: объём куба | L7: Ребро кубика 7 см. Найди его объём. | M7: F3 | N7: =IF(ISBLANK(F3),"—",IF( OR(NOT(_xlfn.ISFORMULA(F3))),"✗ нужна формула, а не число",IF(NOT(OR(ISNUMBER(SEARCH("СТЕПЕНЬ(",IFERROR(_xlfn.FORMULATEXT(F3),""))),ISNUMBER(SEARCH("POWER(",IFERROR(_xlfn.FORMULATEXT(F3),""))))),"✗ нужна функция СТЕПЕНЬ",IF(NOT(AND(IFERROR(ABS(F3-(343))<=0.01*MAX(1,ABS(343)),FALSE))),"✗ ответ неверный — проверь формулу","✓ верно"))))
J8: 7 | K8: сложное: корень через степень | L8: Найди корень из 81 с помощью СТЕПЕНЬ, без функции КОРЕНЬ. | M8: F4 | N8: =IF(ISBLANK(F4),"—",IF( OR(NOT(_xlfn.ISFORMULA(F4))),"✗ нужна формула, а не число",IF(NOT(OR(ISNUMBER(SEARCH("СТЕПЕНЬ(",IFERROR(_xlfn.FORMULATEXT(F4),""))),ISNUMBER(SEARCH("POWER(",IFERROR(_xlfn.FORMULATEXT(F4),""))))),"✗ нужна функция СТЕПЕНЬ",IF(OR(ISNUMBER(SEARCH("КОРЕНЬ(",IFERROR(_xlfn.FORMULATEXT(F4),""))),ISNUMBER(SEARCH("SQRT(",IFERROR(_xlfn.FORMULATEXT(F4),"")))),"✗ здесь обойдись без КОРЕНЬ",IF(NOT(AND(IFERROR(ABS(F4-(9))<=0.01*MAX(1,ABS(9)),FALSE))),"✗ ответ неверный — проверь формулу","✓ верно")))))
J9: 8 | K9: сложное: вклад | L9: Вклад 100 000 тг под 10% годовых. Сколько будет через 3 года? Каждый год сумма умножается на 1,1. | M9: F5 | N9: =IF(ISBLANK(F5),"—",IF( OR(NOT(_xlfn.ISFORMULA(F5))),"✗ нужна формула, а не число",IF(NOT(OR(ISNUMBER(SEARCH("СТЕПЕНЬ(",IFERROR(_xlfn.FORMULATEXT(F5),""))),ISNUMBER(SEARCH("POWER(",IFERROR(_xlfn.FORMULATEXT(F5),""))))),"✗ нужна функция СТЕПЕНЬ",IF(NOT(AND(IFERROR(ABS(F5-(133100))<=0.01*MAX(1,ABS(133100)),FALSE))),"✗ ответ неверный — проверь формулу","✓ верно"))))
L11: Выполнено шагов: | N11: =COUNTIF(N2:N9,"✓*")&" из 8"

Sheet S5
A1: День | B1: Категория | C1: Сумма, тг | J1: № | K1: Тип шага | L1: Задание | M1: Ячейка | N1: Проверка
A2: Пн | B2: доход | C2: 2000 | J2: 1 | K2: условие >0 | L2: Сколько денег получено за неделю? Сложи только положительные суммы. | M2: F2 | N2: =IF(ISBLANK(F2),"—",IF( OR(NOT(_xlfn.ISFORMULA(F2))),"✗ нужна формула, а не число",IF(NOT(OR(ISNUMBER(SEARCH("СУММЕСЛИ(",IFERROR(_xlfn.FORMULATEXT(F2),""))),ISNUMBER(SEARCH("SUMIF(",IFERROR(_xlfn.FORMULATEXT(F2),""))))),"✗ нужна функция СУММЕСЛИ",IF(NOT(AND(IFERROR(ABS(F2-(SUMIF(C2:C9,">0")))<=0.01*MAX(1,ABS(SUMIF(C2:C9,">0"))),FALSE))),"✗ ответ неверный — проверь формулу",IF(ISERROR(SEARCH(">0",IFERROR(_xlfn.FORMULATEXT(F2),""))),"✗ ответ верный, но запиши так, как просит шаг","✓ верно")))))
A3: Пн | B3: еда | C3: -450 | J3: 2 | K3: условие <0 | L3: Сколько потрачено? Сложи только отрицательные суммы. | M3: F3 | N3: =IF(ISBLANK(F3),"—",IF( OR(NOT(_xlfn.ISFORMULA(F3))),"✗ нужна формула, а не число",IF(NOT(OR(ISNUMBER(SEARCH("СУММЕСЛИ(",IFERROR(_xlfn.FORMULATEXT(F3),""))),ISNUMBER(SEARCH("SUMIF(",IFERROR(_xlfn.FORMULATEXT(F3),""))))),"✗ нужна функция СУММЕСЛИ",IF(NOT(AND(IFERROR(ABS(F3-(SUMIF(C2:C9,"<0")))<=0.01*MAX(1,ABS(SUMIF(C2:C9,"<0"))),FALSE))),"✗ ответ неверный — проверь формулу",IF(ISERROR(SEARCH("<0",IFERROR(_xlfn.FORMULATEXT(F3),""))),"✗ ответ верный, но запиши так, как просит шаг","✓ верно")))))
A4: Вт | B4: транспорт | C4: -200 | J4: 3 | K4: текст + диапазон суммирования | L4: Сколько ушло на еду? Ищем «еда» в столбце B, складываем столбец C. | M4: F4 | N4: =IF(ISBLANK(F4),"—",IF( OR(NOT(_xlfn.ISFORMULA(F4))),"✗ нужна формула, а не число",IF(NOT(OR(ISNUMBER(SEARCH("СУММЕСЛИ(",IFERROR(_xlfn.FORMULATEXT(F4),""))),ISNUMBER(SEARCH("SUMIF(",IFERROR(_xlfn.FORMULATEXT(F4),""))))),"✗ нужна функция СУММЕСЛИ",IF(NOT(AND(IFERROR(ABS(F4-(SUMIF(B2:B9,"еда",C2:C9)))<=0.01*MAX(1,ABS(SUMIF(B2:B9,"еда",C2:C9))),FALSE))),"✗ ответ неверный — проверь формулу",IF(ISERROR(SEARCH("еда",IFERROR(_xlfn.FORMULATEXT(F4),""))),"✗ ответ верный, но запиши так, как просит шаг","✓ верно")))))
A5: Ср | B5: еда | C5: -600 | J5: 4 | K5: условие из ячейки | L5: Впиши в E5 слово «транспорт». В F5 сложи суммы этой категории, указав условием ячейку E5 (без кавычек). | M5: F5 | N5: =IF(ISBLANK(F5),"—",IF(NOT(E5<>""),"✗ сначала впиши категорию в E5",IF( OR(NOT(_xlfn.ISFORMULA(F5))),"✗ нужна формула, а не число",IF(NOT(OR(ISNUMBER(SEARCH("СУММЕСЛИ(",IFERROR(_xlfn.FORMULATEXT(F5),""))),ISNUMBER(SEARCH("SUMIF(",IFERROR(_xlfn.FORMULATEXT(F5),""))))),"✗ нужна функция СУММЕСЛИ",IF(NOT(AND(IFERROR(ABS(F5-(SUMIF(B2:B9,E5,C2:C9)))<=0.01*MAX(1,ABS(SUMIF(B2:B9,E5,C2:C9))),FALSE))),"✗ ответ неверный — проверь формулу",IF(ISERROR(SEARCH("E5",IFERROR(_xlfn.FORMULATEXT(F5),""))),"✗ ответ верный, но запиши так, как просит шаг","✓ верно"))))))
A6: Чт | B6: игры | C6: -1500 | J6: 5 | K6: условие с числом | L6: Сложи только крупные траты — меньше −500. | M6: F6 | N6: =IF(ISBLANK(F6),"—",IF( OR(NOT(_xlfn.ISFORMULA(F6))),"✗ нужна формула, а не число",IF(NOT(OR(ISNUMBER(SEARCH("СУММЕСЛИ(",IFERROR(_xlfn.FORMULATEXT(F6),""))),ISNUMBER(SEARCH("SUMIF(",IFERROR(_xlfn.FORMULATEXT(F6),""))))),"✗ нужна функция СУММЕСЛИ",IF(NOT(AND(IFERROR(ABS(F6-(SUMIF(C2:C9,"<-500")))<=0.01*MAX(1,ABS(SUMIF(C2:C9,"<-500"))),FALSE))),"✗ ответ неверный — проверь формулу",IF(ISERROR(SEARCH("<-500",IFERROR(_xlfn.FORMULATEXT(F6),""))),"✗ ответ верный, но запиши так, как просит шаг","✓ верно")))))
A7: Пт | B7: доход | C7: 1000 | J7: 6 | K7: сложное: без минуса | L7: Сколько потрачено — без минуса? Одна формула. | M7: F7 | N7: =IF(ISBLANK(F7),"—",IF( OR(NOT(_xlfn.ISFORMULA(F7))),"✗ нужна формула, а не число",IF(NOT(OR(ISNUMBER(SEARCH("СУММЕСЛИ(",IFERROR(_xlfn.FORMULATEXT(F7),""))),ISNUMBER(SEARCH("SUMIF(",IFERROR(_xlfn.FORMULATEXT(F7),""))))),"✗ нужна функция СУММЕСЛИ",IF(NOT(OR(ISNUMBER(SEARCH("ABS(",IFERROR(_xlfn.FORMULATEXT(F7),""))),ISNUMBER(SEARCH("ABS(",IFERROR(_xlfn.FORMULATEXT(F7),""))))),"✗ нужна функция ABS",IF(NOT(AND(IFERROR(ABS(F7-(-SUMIF(C2:C9,"<0")))<=0.01*MAX(1,ABS(-SUMIF(C2:C9,"<0"))),FALSE))),"✗ ответ неверный — проверь формулу","✓ верно")))))
A8: Сб | B8: еда | C8: -350 | J8: 7 | K8: сложное: остаток | L8: Сколько денег осталось к концу недели? Что значит минус в ответе? | M8: F8 | N8: =IF(ISBLANK(F8),"—",IF( OR(NOT(_xlfn.ISFORMULA(F8))),"✗ нужна формула, а не число",IF(NOT(OR(ISNUMBER(SEARCH("СУММ(",IFERROR(_xlfn.FORMULATEXT(F8),""))),ISNUMBER(SEARCH("SUM(",IFERROR(_xlfn.FORMULATEXT(F8),""))))),"✗ нужна функция СУММ",IF(NOT(AND(IFERROR(ABS(F8-(SUM(C2:C9)))<=0.01*MAX(1,ABS(SUM(C2:C9))),FALSE))),"✗ ответ неверный — проверь формулу","✓ верно"))))
A9: Вс | B9: транспорт | C9: -200 | J9: 8 | K9: сложное: смена условия | L9: Замени в E5 слово на «игры». Что теперь в F5? Формулу не меняй. | M9: F5 | N9: =IF(ISBLANK(F5),"—",IF(NOT(E5="игры"),"✗ сначала замени в E5 слово на «игры»",IF( OR(NOT(_xlfn.ISFORMULA(F5))),"✗ нужна формула, а не число",IF(NOT(OR(ISNUMBER(SEARCH("СУММЕСЛИ(",IFERROR(_xlfn.FORMULATEXT(F5),""))),ISNUMBER(SEARCH("SUMIF(",IFERROR(_xlfn.FORMULATEXT(F5),""))))),"✗ нужна функция СУММЕСЛИ",IF(NOT(AND(IFERROR(ABS(F5-(SUMIF(B2:B9,E5,C2:C9)))<=0.01*MAX(1,ABS(SUMIF(B2:B9,E5,C2:C9))),FALSE))),"✗ ответ неверный — проверь формулу","✓ верно")))))
L11: Выполнено шагов: | N11: =COUNTIF(N2:N9,"✓*")&" из 8"

Sheet S6
A1: Площадь пола, м² | B1: 16 | J1: № | K1: Тип шага | L1: Задание | M1: Ячейка | N1: Проверка
A2: Высота стен, м | B2: 2.5 | J2: 1 | K2: КОРЕНЬ | L2: Какой длины стена комнаты? Комната квадратная. | M2: E1 | N2: =IF(ISBLANK(E1),"—",IF( OR(NOT(_xlfn.ISFORMULA(E1))),"✗ нужна формула, а не число",IF(NOT(OR(ISNUMBER(SEARCH("КОРЕНЬ(",IFERROR(_xlfn.FORMULATEXT(E1),""))),ISNUMBER(SEARCH("SQRT(",IFERROR(_xlfn.FORMULATEXT(E1),""))))),"✗ нужна функция КОРЕНЬ",IF(NOT(AND(IFERROR(ABS(E1-(SQRT(B1)))<=0.01*MAX(1,ABS(SQRT(B1))),FALSE))),"✗ ответ неверный — проверь формулу","✓ верно"))))
A3: Бюджет, тг | B3: 100000 | J3: 2 | K3: СТЕПЕНЬ | L3: Проверь: возведи сторону из E1 в квадрат — должна получиться площадь пола. | M3: E2 | N3: =IF(ISBLANK(E2),"—",IF( OR(NOT(_xlfn.ISFORMULA(E2))),"✗ нужна формула, а не число",IF(NOT(OR(ISNUMBER(SEARCH("СТЕПЕНЬ(",IFERROR(_xlfn.FORMULATEXT(E2),""))),ISNUMBER(SEARCH("POWER(",IFERROR(_xlfn.FORMULATEXT(E2),""))))),"✗ нужна функция СТЕПЕНЬ",IF(NOT(AND(IFERROR(ABS(E2-(B1))<=0.01*MAX(1,ABS(B1)),FALSE))),"✗ ответ неверный — проверь формулу","✓ верно"))))
J4: 3 | K4: формула с ячейками | L4: Какова площадь всех 4 стен? Стена — прямоугольник: длина × высота. | M4: E3 | N4: =IF(ISBLANK(E3),"—",IF( OR(NOT(_xlfn.ISFORMULA(E3))),"✗ нужна формула, а не число",IF(NOT(AND(IFERROR(ABS(E3-(4*SQRT(B1)*B2))<=0.01*MAX(1,ABS(4*SQRT(B1)*B2)),FALSE))),"✗ ответ неверный — проверь формулу","✓ верно")))
A5: Товар | B5: Категория | C5: Цена, тг | J5: 4 | K5: СУММ | L5: Сколько стоят все покупки по смете? | M5: E4 | N5: =IF(ISBLANK(E4),"—",IF( OR(NOT(_xlfn.ISFORMULA(E4))),"✗ нужна формула, а не число",IF(NOT(OR(ISNUMBER(SEARCH("СУММ(",IFERROR(_xlfn.FORMULATEXT(E4),""))),ISNUMBER(SEARCH("SUM(",IFERROR(_xlfn.FORMULATEXT(E4),""))))),"✗ нужна функция СУММ",IF(NOT(AND(IFERROR(ABS(E4-(SUM(C6:C11)))<=0.01*MAX(1,ABS(SUM(C6:C11))),FALSE))),"✗ ответ неверный — проверь формулу","✓ верно"))))
A6: Краска белая | B6: краска | C6: 12000 | J6: 5 | K6: СУММЕСЛИ | L6: Сколько стоит только краска? | M6: E5 | N6: =IF(ISBLANK(E5),"—",IF( OR(NOT(_xlfn.ISFORMULA(E5))),"✗ нужна формула, а не число",IF(NOT(OR(ISNUMBER(SEARCH("СУММЕСЛИ(",IFERROR(_xlfn.FORMULATEXT(E5),""))),ISNUMBER(SEARCH("SUMIF(",IFERROR(_xlfn.FORMULATEXT(E5),""))))),"✗ нужна функция СУММЕСЛИ",IF(NOT(AND(IFERROR(ABS(E5-(SUMIF(B6:B11,"краска",C6:C11)))<=0.01*MAX(1,ABS(SUMIF(B6:B11,"краска",C6:C11))),FALSE))),"✗ ответ неверный — проверь формулу","✓ верно"))))
A7: Краска синяя | B7: краска | C7: 9500 | J7: 6 | K7: ABS | L7: На сколько смета отличается от бюджета? Ответ без минуса. | M7: E6 | N7: =IF(ISBLANK(E6),"—",IF( OR(NOT(_xlfn.ISFORMULA(E6))),"✗ нужна формула, а не число",IF(NOT(OR(ISNUMBER(SEARCH("ABS(",IFERROR(_xlfn.FORMULATEXT(E6),""))),ISNUMBER(SEARCH("ABS(",IFERROR(_xlfn.FORMULATEXT(E6),""))))),"✗ нужна функция ABS",IF(NOT(AND(IFERROR(ABS(E6-(ABS(B3-SUM(C6:C11))))<=0.01*MAX(1,ABS(ABS(B3-SUM(C6:C11)))),FALSE))),"✗ ответ неверный — проверь формулу","✓ верно"))))
A8: Обои | B8: обои | C8: 35000 | J8: 7 | K8: сложное: всё, кроме краски | L8: Сколько стоят обои, клей и инструменты — всё, кроме краски? Одна формула из двух функций. | M8: E7 | N8: =IF(ISBLANK(E7),"—",IF( OR(NOT(_xlfn.ISFORMULA(E7))),"✗ нужна формула, а не число",IF(NOT(OR(ISNUMBER(SEARCH("СУММ(",IFERROR(_xlfn.FORMULATEXT(E7),""))),ISNUMBER(SEARCH("SUM(",IFERROR(_xlfn.FORMULATEXT(E7),""))))),"✗ нужна функция СУММ",IF(NOT(OR(ISNUMBER(SEARCH("СУММЕСЛИ(",IFERROR(_xlfn.FORMULATEXT(E7),""))),ISNUMBER(SEARCH("SUMIF(",IFERROR(_xlfn.FORMULATEXT(E7),""))))),"✗ нужна функция СУММЕСЛИ",IF(NOT(AND(IFERROR(ABS(E7-(SUM(C6:C11)-SUMIF(B6:B11,"краска",C6:C11)))<=0.01*MAX(1,ABS(SUM(C6:C11)-SUMIF(B6:B11,"краска",C6:C11))),FALSE))),"✗ ответ неверный — проверь формулу","✓ верно")))))
A9: Клей | B9: обои | C9: 4500 | J9: 8 | K9: сложное: подумай | L9: Бюджет урезали до 60 000 тг — измени B3. Что теперь в E6? Почему здесь ABS может обмануть? | M9: E6 | N9: =IF(ISBLANK(E6),"—",IF(NOT(B3=60000),"✗ сначала измени B3 на 60000",IF( OR(NOT(_xlfn.ISFORMULA(E6))),"✗ нужна формула, а не число",IF(NOT(OR(ISNUMBER(SEARCH("ABS(",IFERROR(_xlfn.FORMULATEXT(E6),""))),ISNUMBER(SEARCH("ABS(",IFERROR(_xlfn.FORMULATEXT(E6),""))))),"✗ нужна функция ABS",IF(NOT(AND(IFERROR(ABS(E6-(ABS(B3-SUM(C6:C11))))<=0.01*MAX(1,ABS(ABS(B3-SUM(C6:C11)))),FALSE))),"✗ ответ неверный — проверь формулу","✓ верно")))))
A10: Валик | B10: инструмент | C10: 3000
A11: Кисти | B11: инструмент | C11: 2500 | L11: Выполнено шагов: | N11: =COUNTIF(N2:N9,"✓*")&" из 8"

Sheet Итог
A1: Итог самопроверки
A2: ="Ученик: "&Начало!B4&", "&Начало!B3
A4: Сценарий | B4: Название | C4: Функция | D4: Верно | E4: Всего
A5: S1 | B5: Канцтовары в двух магазинах | C5: СУММ | D5: =COUNTIF(S1!N2:N9,"✓*") | E5: 8
A6: S2 | B6: Дневник погоды | C6: ABS | D6: =COUNTIF(S2!N2:N9,"✓*") | E6: 8
A7: S3 | B7: Квадратные участки | C7: КОРЕНЬ | D7: =COUNTIF(S3!N2:N9,"✓*") | E7: 8
A8: S4 | B8: Таблица степеней | C8: СТЕПЕНЬ | D8: =COUNTIF(S4!N2:N9,"✓*") | E8: 8
A9: S5 | B9: Карманные деньги за неделю | C9: СУММЕСЛИ | D9: =COUNTIF(S5!N2:N9,"✓*") | E9: 8
A10: S6 | B10: Ремонт квадратной комнаты | C10: все функции | D10: =COUNTIF(S6!N2:N9,"✓*") | E10: 8
B11: Всего | D11: =SUM(D5:D10) | E11: =SUM(E5:E10)
