Workbook

Sheet Басы
A1: Өзін-өзі тексеру: Excel-дегі математикалық функциялар
A3: Сынып:
A4: Тегі мен аты:
A6: Қалай жұмыс істеу керек
A7: 1. Сценарий парағын аш (S1–S6). Деректері бар кесте дайын.
A8: 2. Оң жақта — қадамдар. Формуланы қадамда көрсетілген сары ұяшыққа жаз.
A9: 3. «Тексеру» бағанында Excel бірден көрсетеді: ✓ дұрыс — немесе нені түзету керек.
A10: 4. «Өзгерт…» деген қадамдарда кестедегі санды өзгерт, формулаға тиме.
A11: 5. Жалпы есеп — «Қорытынды» парағында.

Sheet S1
A1: Тауар | B1: 1-дүкен | C1: 2-дүкен | J1: № | K1: Қадам түрі | L1: Тапсырма | M1: Ұяшық | N1: Тексеру
A2: Дәптер | B2: 150 | C2: 140 | J2: 1 | K2: ауқым | L2: 1-дүкендегі барлық тауар қанша тұрады? | M2: B8 | N2: =IF(ISBLANK(B8),"—",IF( OR(NOT(_xlfn.ISFORMULA(B8))),"✗ сан емес, формула керек",IF(NOT(OR(ISNUMBER(SEARCH("СУММ(",IFERROR(_xlfn.FORMULATEXT(B8),""))),ISNUMBER(SEARCH("SUM(",IFERROR(_xlfn.FORMULATEXT(B8),""))))),"✗ СУММ функциясы керек",IF(NOT(AND(IFERROR(ABS(B8-(SUM(B2:B7)))<=0.01*MAX(1,ABS(SUM(B2:B7))),FALSE))),"✗ жауап дұрыс емес — формуланы тексер",IF((LEN(IFERROR(_xlfn.FORMULATEXT(B8),""))-LEN(SUBSTITUTE(IFERROR(_xlfn.FORMULATEXT(B8),""),":","")))<1,"✗ жауап дұрыс, бірақ «:» арқылы ауқым қолдан","✓ дұрыс")))))
A3: Қалам | B3: 120 | C3: 130 | J3: 2 | K3: Σ батырмасы | L3: 2-дүкеннің жиынын «Басты» қойындысындағы Σ «Автоқосынды» батырмасымен есепте: C8-ді белгіле, Σ бас, сандарды қоршаған жиекті тексеріп, Enter бас. | M3: C8 | N3: =IF(ISBLANK(C8),"—",IF( OR(NOT(_xlfn.ISFORMULA(C8))),"✗ сан емес, формула керек",IF(NOT(OR(ISNUMBER(SEARCH("СУММ(",IFERROR(_xlfn.FORMULATEXT(C8),""))),ISNUMBER(SEARCH("SUM(",IFERROR(_xlfn.FORMULATEXT(C8),""))))),"✗ СУММ функциясы керек",IF(NOT(AND(IFERROR(ABS(C8-(SUM(C2:C7)))<=0.01*MAX(1,ABS(SUM(C2:C7))),FALSE))),"✗ жауап дұрыс емес — формуланы тексер","✓ дұрыс"))))
A4: Қарындаш | B4: 80 | C4: 70 | J4: 3 | K4: жеке ұяшықтар | L4: 1-дүкеннен дәптер, қалам және өшіргіш сатып алды. Қанша төледі? Ұяшықтарды «;» арқылы тізіп жаз — немесе Ctrl басып тұрып, оларды шерт. | M4: E2 | N4: =IF(ISBLANK(E2),"—",IF( OR(NOT(_xlfn.ISFORMULA(E2))),"✗ сан емес, формула керек",IF(NOT(OR(ISNUMBER(SEARCH("СУММ(",IFERROR(_xlfn.FORMULATEXT(E2),""))),ISNUMBER(SEARCH("SUM(",IFERROR(_xlfn.FORMULATEXT(E2),""))))),"✗ СУММ функциясы керек",IF(NOT(AND(IFERROR(ABS(E2-(B2+B3+B6))<=0.01*MAX(1,ABS(B2+B3+B6)),FALSE))),"✗ жауап дұрыс емес — формуланы тексер",IF((LEN(IFERROR(_xlfn.FORMULATEXT(E2),""))-LEN(SUBSTITUTE(IFERROR(_xlfn.FORMULATEXT(E2),""),":","")))>0,"✗ жауап дұрыс, бірақ ұяшықтарды ауқымсыз, «;» арқылы тізіп жаз","✓ дұрыс")))))
A5: Сызғыш | B5: 200 | C5: 220 | J5: 4 | K5: ұяшықтар + сан | L5: 1-дүкендегі дәптер мен қалам және 500 тг жеткізу. Барлығы қанша? | M5: E3 | N5: =IF(ISBLANK(E3),"—",IF( OR(NOT(_xlfn.ISFORMULA(E3))),"✗ сан емес, формула керек",IF(NOT(OR(ISNUMBER(SEARCH("СУММ(",IFERROR(_xlfn.FORMULATEXT(E3),""))),ISNUMBER(SEARCH("SUM(",IFERROR(_xlfn.FORMULATEXT(E3),""))))),"✗ СУММ функциясы керек",IF(NOT(AND(IFERROR(ABS(E3-(B2+B3+500))<=0.01*MAX(1,ABS(B2+B3+500)),FALSE))),"✗ жауап дұрыс емес — формуланы тексер",IF(ISERROR(SEARCH("500",IFERROR(_xlfn.FORMULATEXT(E3),""))),"✗ жауап дұрыс, бірақ қадамда сұралғандай жаз","✓ дұрыс")))))
A6: Өшіргіш | B6: 60 | C6: 50 | J6: 5 | K6: ауқым + ұяшық | L6: Алғашқы үш тауар (дәптер, қалам, қарындаш) және 1-дүкендегі қаламсауыт. | M6: E4 | N6: =IF(ISBLANK(E4),"—",IF( OR(NOT(_xlfn.ISFORMULA(E4))),"✗ сан емес, формула керек",IF(NOT(OR(ISNUMBER(SEARCH("СУММ(",IFERROR(_xlfn.FORMULATEXT(E4),""))),ISNUMBER(SEARCH("SUM(",IFERROR(_xlfn.FORMULATEXT(E4),""))))),"✗ СУММ функциясы керек",IF(NOT(AND(IFERROR(ABS(E4-(SUM(B2:B4)+B7))<=0.01*MAX(1,ABS(SUM(B2:B4)+B7)),FALSE))),"✗ жауап дұрыс емес — формуланы тексер",IF((LEN(IFERROR(_xlfn.FORMULATEXT(E4),""))-LEN(SUBSTITUTE(IFERROR(_xlfn.FORMULATEXT(E4),""),":","")))<>1,"✗ жауап дұрыс, бірақ бір ауқыммен жаз",IF(ISERROR(SEARCH("B7",IFERROR(_xlfn.FORMULATEXT(E4),""))),"✗ жауап дұрыс, бірақ қадамда сұралғандай жаз","✓ дұрыс"))))))
A7: Қаламсауыт | B7: 1500 | C7: 1400 | J7: 6 | K7: екі ауқым | L7: Екі дүкендегі барлық тауар бірге қанша тұрады? Бір формула, «;» арқылы екі ауқым. | M7: E5 | N7: =IF(ISBLANK(E5),"—",IF( OR(NOT(_xlfn.ISFORMULA(E5))),"✗ сан емес, формула керек",IF(NOT(OR(ISNUMBER(SEARCH("СУММ(",IFERROR(_xlfn.FORMULATEXT(E5),""))),ISNUMBER(SEARCH("SUM(",IFERROR(_xlfn.FORMULATEXT(E5),""))))),"✗ СУММ функциясы керек",IF(NOT(AND(IFERROR(ABS(E5-(SUM(B2:B7)+SUM(C2:C7)))<=0.01*MAX(1,ABS(SUM(B2:B7)+SUM(C2:C7))),FALSE))),"✗ жауап дұрыс емес — формуланы тексер",IF((LEN(IFERROR(_xlfn.FORMULATEXT(E5),""))-LEN(SUBSTITUTE(IFERROR(_xlfn.FORMULATEXT(E5),""),":","")))<>2,"✗ жауап дұрыс, бірақ «;» арқылы екі ауқым керек","✓ дұрыс")))))
A8: Жиыны | J8: 7 | K8: тіктөртбұрыш | L8: Дәл соны тіктөртбұрыш-ауқыммен: сол жақ жоғарғы бағадан оң жақ төменгі бағаға дейін. E5-пен салыстыр. | M8: E6 | N8: =IF(ISBLANK(E6),"—",IF( OR(NOT(_xlfn.ISFORMULA(E6))),"✗ сан емес, формула керек",IF(NOT(OR(ISNUMBER(SEARCH("СУММ(",IFERROR(_xlfn.FORMULATEXT(E6),""))),ISNUMBER(SEARCH("SUM(",IFERROR(_xlfn.FORMULATEXT(E6),""))))),"✗ СУММ функциясы керек",IF(NOT(AND(IFERROR(ABS(E6-(SUM(B2:C7)))<=0.01*MAX(1,ABS(SUM(B2:C7))),FALSE))),"✗ жауап дұрыс емес — формуланы тексер",IF((LEN(IFERROR(_xlfn.FORMULATEXT(E6),""))-LEN(SUBSTITUTE(IFERROR(_xlfn.FORMULATEXT(E6),""),":","")))<>1,"✗ жауап дұрыс, бірақ бір ауқыммен жаз","✓ дұрыс")))))
J9: 8 | K9: күрделі: автоқайта есептеу | L9: 1-дүкендегі қаламсауыт 1200-ге дейін арзандады. B7-дегі санды өзгерт, формулаға тиме. Енді B8-де қандай сан тұр? | M9: B8 | N9: =IF(ISBLANK(B8),"—",IF(NOT(B7=1200),"✗ алдымен B7 мәнін 1200 деп өзгерт",IF( OR(NOT(_xlfn.ISFORMULA(B8))),"✗ сан емес, формула керек",IF(NOT(OR(ISNUMBER(SEARCH("СУММ(",IFERROR(_xlfn.FORMULATEXT(B8),""))),ISNUMBER(SEARCH("SUM(",IFERROR(_xlfn.FORMULATEXT(B8),""))))),"✗ СУММ функциясы керек",IF(NOT(AND(IFERROR(ABS(B8-(SUM(B2:B7)))<=0.01*MAX(1,ABS(SUM(B2:B7))),FALSE))),"✗ жауап дұрыс емес — формуланы тексер","✓ дұрыс")))))
L11: Орындалған қадамдар: | N11: =COUNTIF(N2:N9,"✓*")&" / 8"

Sheet S2
A1: Күн | B1: Таңғы | C1: Кешкі | D1: Өзгеріс | E1: ABS-сіз | J1: № | K1: Қадам түрі | L1: Тапсырма | M1: Ұяшық | N1: Тексеру
A2: Дс | B2: -3 | C2: 4 | J2: 1 | K2: санның модулі | L2: G2-ге −12 санының модулі бар формуланы тер. Не шықты? | M2: G2 | N2: =IF(ISBLANK(G2),"—",IF( OR(NOT(_xlfn.ISFORMULA(G2))),"✗ сан емес, формула керек",IF(NOT(OR(ISNUMBER(SEARCH("ABS(",IFERROR(_xlfn.FORMULATEXT(G2),""))),ISNUMBER(SEARCH("ABS(",IFERROR(_xlfn.FORMULATEXT(G2),""))))),"✗ ABS функциясы керек",IF(NOT(AND(IFERROR(ABS(G2-(12))<=0.01*MAX(1,ABS(12)),FALSE))),"✗ жауап дұрыс емес — формуланы тексер","✓ дұрыс"))))
A3: Сс | B3: 2 | C3: -2 | J3: 2 | K3: ұяшықтың модулі | L3: Дүйсенбідегі таңғы температураның модулін тап. | M3: G3 | N3: =IF(ISBLANK(G3),"—",IF( OR(NOT(_xlfn.ISFORMULA(G3))),"✗ сан емес, формула керек",IF(NOT(OR(ISNUMBER(SEARCH("ABS(",IFERROR(_xlfn.FORMULATEXT(G3),""))),ISNUMBER(SEARCH("ABS(",IFERROR(_xlfn.FORMULATEXT(G3),""))))),"✗ ABS функциясы керек",IF(NOT(AND(IFERROR(ABS(G3-(ABS(B2)))<=0.01*MAX(1,ABS(ABS(B2))),FALSE))),"✗ жауап дұрыс емес — формуланы тексер","✓ дұрыс"))))
A4: Ср | B4: -6 | C4: -1 | J4: 3 | K4: ABS-сіз айырма | L4: E2-ге «кешкі минус таңғы» айырмасын ABS-сіз жаз да, формуланы ұяшық бұрышындағы кішкентай шаршыдан тартып, E8-ге дейін созып көшір. Сейсенбіде не шықты (E3)? | M4: E2 → төмен созып көшір; жауап E3 ұяшығында | N4: =IF(ISBLANK(E3),"—",IF( OR(NOT(_xlfn.ISFORMULA(E3)),NOT(_xlfn.ISFORMULA(E8))),"✗ сан емес, формула керек (формуланы төмен созып көшір)",IF(OR(ISNUMBER(SEARCH("ABS(",IFERROR(_xlfn.FORMULATEXT(E3),""))),ISNUMBER(SEARCH("ABS(",IFERROR(_xlfn.FORMULATEXT(E3),"")))),"✗ мұнда ABS функциясынсыз жаз",IF(NOT(AND(IFERROR(ABS(E3-(C3-B3))<=0.01*MAX(1,ABS(C3-B3)),FALSE),IFERROR(ABS(E8-(C8-B8))<=0.01*MAX(1,ABS(C8-B8)),FALSE))),"✗ жауап дұрыс емес — формуланы тексер","✓ дұрыс"))))
A5: Бс | B5: 0 | C5: 3 | J5: 4 | K5: Айырманың ABS-і | L5: D2-ге температураның өзгерісін минуссыз жаз да, D8-ге дейін созып көшір. Сейсенбіде не (D3)? | M5: D2 → төмен созып көшір; жауап D3 ұяшығында | N5: =IF(ISBLANK(D3),"—",IF( OR(NOT(_xlfn.ISFORMULA(D3)),NOT(_xlfn.ISFORMULA(D8))),"✗ сан емес, формула керек (формуланы төмен созып көшір)",IF(NOT(OR(ISNUMBER(SEARCH("ABS(",IFERROR(_xlfn.FORMULATEXT(D3),""))),ISNUMBER(SEARCH("ABS(",IFERROR(_xlfn.FORMULATEXT(D3),""))))),"✗ ABS функциясы керек",IF(NOT(AND(IFERROR(ABS(D3-(ABS(C3-B3)))<=0.01*MAX(1,ABS(ABS(C3-B3))),FALSE),IFERROR(ABS(D8-(ABS(C8-B8)))<=0.01*MAX(1,ABS(ABS(C8-B8))),FALSE))),"✗ жауап дұрыс емес — формуланы тексер","✓ дұрыс"))))
A6: Жм | B6: 4 | C6: 8 | J6: 5 | K6: созып көшіруді тексеру | L6: Сәрсенбіде қандай өзгеріс шықты (D4)? D4-ті басып, формулада қай ұяшықтар тұрғанын қара. | M6: D4 | N6: =IF(ISBLANK(D4),"—",IF( OR(NOT(_xlfn.ISFORMULA(D4))),"✗ сан емес, формула керек",IF(NOT(OR(ISNUMBER(SEARCH("ABS(",IFERROR(_xlfn.FORMULATEXT(D4),""))),ISNUMBER(SEARCH("ABS(",IFERROR(_xlfn.FORMULATEXT(D4),""))))),"✗ ABS функциясы керек",IF(NOT(AND(IFERROR(ABS(D4-(ABS(C4-B4)))<=0.01*MAX(1,ABS(ABS(C4-B4))),FALSE))),"✗ жауап дұрыс емес — формуланы тексер","✓ дұрыс"))))
A7: Сн | B7: -1 | C7: -5 | J7: 6 | K7: күрделі: СУММ + ABS | L7: Температура аптада барлығы қанша градусқа өзгерді? D бағанын қос. | M7: G4 | N7: =IF(ISBLANK(G4),"—",IF( OR(NOT(_xlfn.ISFORMULA(G4))),"✗ сан емес, формула керек",IF(NOT(OR(ISNUMBER(SEARCH("СУММ(",IFERROR(_xlfn.FORMULATEXT(G4),""))),ISNUMBER(SEARCH("SUM(",IFERROR(_xlfn.FORMULATEXT(G4),""))))),"✗ СУММ функциясы керек",IF(NOT(AND(IFERROR(ABS(G4-(SUMPRODUCT(ABS(C2:C8-B2:B8))))<=0.01*MAX(1,ABS(SUMPRODUCT(ABS(C2:C8-B2:B8)))),FALSE))),"✗ жауап дұрыс емес — формуланы тексер","✓ дұрыс"))))
A8: Жс | B8: 5 | C8: 9 | J8: 7 | K8: күрделі: салыстыру | L8: Енді E бағанын қос (ABS-сіз). Неге G4-тегіден аз шықты? | M8: G5 | N8: =IF(ISBLANK(G5),"—",IF( OR(NOT(_xlfn.ISFORMULA(G5))),"✗ сан емес, формула керек",IF(NOT(OR(ISNUMBER(SEARCH("СУММ(",IFERROR(_xlfn.FORMULATEXT(G5),""))),ISNUMBER(SEARCH("SUM(",IFERROR(_xlfn.FORMULATEXT(G5),""))))),"✗ СУММ функциясы керек",IF(NOT(AND(IFERROR(ABS(G5-(SUM(C2:C8)-SUM(B2:B8)))<=0.01*MAX(1,ABS(SUM(C2:C8)-SUM(B2:B8))),FALSE))),"✗ жауап дұрыс емес — формуланы тексер","✓ дұрыс"))))
J9: 8 | K9: күрделі: бір формула | L9: Жексенбі таңы дүйсенбі таңынан қанша градусқа өзгеше? ABS арқылы бір формуламен. | M9: G6 | N9: =IF(ISBLANK(G6),"—",IF( OR(NOT(_xlfn.ISFORMULA(G6))),"✗ сан емес, формула керек",IF(NOT(OR(ISNUMBER(SEARCH("ABS(",IFERROR(_xlfn.FORMULATEXT(G6),""))),ISNUMBER(SEARCH("ABS(",IFERROR(_xlfn.FORMULATEXT(G6),""))))),"✗ ABS функциясы керек",IF(NOT(AND(IFERROR(ABS(G6-(ABS(B8-B2)))<=0.01*MAX(1,ABS(ABS(B8-B2))),FALSE))),"✗ жауап дұрыс емес — формуланы тексер","✓ дұрыс"))))
L11: Орындалған қадамдар: | N11: =COUNTIF(N2:N9,"✓*")&" / 8"

Sheet S3
A1: Учаске | B1: Ауданы, м² | C1: Қабырғасы, м | D1: Қоршау, м | J1: № | K1: Қадам түрі | L1: Тапсырма | M1: Ұяшық | N1: Тексеру
A2: Бақ | B2: 64 | J2: 1 | K2: ұяшықтың түбірі | L2: Бақтың қабырғасын тап. | M2: C2 | N2: =IF(ISBLANK(C2),"—",IF( OR(NOT(_xlfn.ISFORMULA(C2))),"✗ сан емес, формула керек",IF(NOT(OR(ISNUMBER(SEARCH("КОРЕНЬ(",IFERROR(_xlfn.FORMULATEXT(C2),""))),ISNUMBER(SEARCH("SQRT(",IFERROR(_xlfn.FORMULATEXT(C2),""))))),"✗ КОРЕНЬ функциясы керек",IF(NOT(AND(IFERROR(ABS(C2-(SQRT(B2)))<=0.01*MAX(1,ABS(SQRT(B2))),FALSE))),"✗ жауап дұрыс емес — формуланы тексер","✓ дұрыс"))))
A3: Бақша | B3: 100 | J3: 2 | K3: созып көшіру | L3: C2-дегі формуланы C6-ға дейін төмен созып көшір. Ауланың қабырғасы қандай (C5)? | M3: C5 | N3: =IF(ISBLANK(C5),"—",IF( OR(NOT(_xlfn.ISFORMULA(C5)),NOT(_xlfn.ISFORMULA(C6))),"✗ сан емес, формула керек (формуланы төмен созып көшір)",IF(NOT(AND(IFERROR(ABS(C5-(SQRT(B5)))<=0.01*MAX(1,ABS(SQRT(B5))),FALSE),IFERROR(ABS(C6-(SQRT(B6)))<=0.01*MAX(1,ABS(SQRT(B6))),FALSE))),"✗ жауап дұрыс емес — формуланы тексер","✓ дұрыс")))
A4: Гүлзар | B4: 2 | J4: 3 | K4: бөлшек жауап | L4: Гүлзардың қабырғасы қандай (C4)? «Басты» қойындысындағы «Разрядтылықты азайту» батырмасымен үтірден кейін 2 таңба қалдыр. | M4: C4 | N4: =IF(ISBLANK(C4),"—",IF( OR(NOT(_xlfn.ISFORMULA(C4))),"✗ сан емес, формула керек",IF(NOT(AND(IFERROR(ABS(C4-(SQRT(B4)))<=0.01*MAX(1,ABS(SQRT(B4))),FALSE))),"✗ жауап дұрыс емес — формуланы тексер","✓ дұрыс")))
A5: Аула | B5: 225 | J5: 4 | K5: санның түбірі | L5: 144-тен түбірді тап — санды тікелей формулаға жаз. | M5: F2 | N5: =IF(ISBLANK(F2),"—",IF( OR(NOT(_xlfn.ISFORMULA(F2))),"✗ сан емес, формула керек",IF(NOT(OR(ISNUMBER(SEARCH("КОРЕНЬ(",IFERROR(_xlfn.FORMULATEXT(F2),""))),ISNUMBER(SEARCH("SQRT(",IFERROR(_xlfn.FORMULATEXT(F2),""))))),"✗ КОРЕНЬ функциясы керек",IF(NOT(AND(IFERROR(ABS(F2-(12))<=0.01*MAX(1,ABS(12)),FALSE))),"✗ жауап дұрыс емес — формуланы тексер","✓ дұрыс"))))
A6: Жылыжай | B6: 50 | J6: 5 | K6: түбір × сан | L6: Бақты айналдыра қанша метр қоршау керек? Шаршының 4 қабырғасы бар. | M6: D2 | N6: =IF(ISBLANK(D2),"—",IF( OR(NOT(_xlfn.ISFORMULA(D2))),"✗ сан емес, формула керек",IF(NOT(AND(IFERROR(ABS(D2-(SQRT(B2)*4))<=0.01*MAX(1,ABS(SQRT(B2)*4)),FALSE))),"✗ жауап дұрыс емес — формуланы тексер","✓ дұрыс")))
J7: 6 | K7: қате | L7: F3-ке −25-тен түбірді тер. Excel не көрсетеді? | M7: F3 | N7: =IF(ISBLANK(F3),"—",IF( OR(NOT(_xlfn.ISFORMULA(F3))),"✗ сан емес, формула керек",IF(NOT(OR(ISNUMBER(SEARCH("КОРЕНЬ(",IFERROR(_xlfn.FORMULATEXT(F3),""))),ISNUMBER(SEARCH("SQRT(",IFERROR(_xlfn.FORMULATEXT(F3),""))))),"✗ КОРЕНЬ функциясы керек",IF(NOT(ISERROR(F3)),"✗ жауап дұрыс емес — формуланы тексер","✓ дұрыс"))))
J8: 7 | K8: қатені түзету | L8: Түзет: түбір ішіндегі минусты ABS арқылы алып таста. | M8: F4 | N8: =IF(ISBLANK(F4),"—",IF( OR(NOT(_xlfn.ISFORMULA(F4))),"✗ сан емес, формула керек",IF(NOT(OR(ISNUMBER(SEARCH("КОРЕНЬ(",IFERROR(_xlfn.FORMULATEXT(F4),""))),ISNUMBER(SEARCH("SQRT(",IFERROR(_xlfn.FORMULATEXT(F4),""))))),"✗ КОРЕНЬ функциясы керек",IF(NOT(OR(ISNUMBER(SEARCH("ABS(",IFERROR(_xlfn.FORMULATEXT(F4),""))),ISNUMBER(SEARCH("ABS(",IFERROR(_xlfn.FORMULATEXT(F4),""))))),"✗ ABS функциясы керек",IF(NOT(AND(IFERROR(ABS(F4-(5))<=0.01*MAX(1,ABS(5)),FALSE))),"✗ жауап дұрыс емес — формуланы тексер","✓ дұрыс")))))
J9: 8 | K9: күрделі: Пифагор | L9: Бақтың диагоналін тап: екі қабырға квадраттарының қосындысынан түбір. Қабырғасы C2-де бар. Жауабы — үтірден кейін 2 таңбамен. | M9: F5 | N9: =IF(ISBLANK(F5),"—",IF( OR(NOT(_xlfn.ISFORMULA(F5))),"✗ сан емес, формула керек",IF(NOT(OR(ISNUMBER(SEARCH("КОРЕНЬ(",IFERROR(_xlfn.FORMULATEXT(F5),""))),ISNUMBER(SEARCH("SQRT(",IFERROR(_xlfn.FORMULATEXT(F5),""))))),"✗ КОРЕНЬ функциясы керек",IF(NOT(AND(IFERROR(ABS(F5-(SQRT(2*B2)))<=0.01*MAX(1,ABS(SQRT(2*B2))),FALSE))),"✗ жауап дұрыс емес — формуланы тексер","✓ дұрыс"))))
L11: Орындалған қадамдар: | N11: =COUNTIF(N2:N9,"✓*")&" / 8"

Sheet S4
A1: Сан | B1: Дәреже | C1: СТЕПЕНЬ | D1: ^ таңбасы | J1: № | K1: Қадам түрі | L1: Тапсырма | M1: Ұяшық | N1: Тексеру
A2: 2 | B2: 3 | J2: 1 | K2: екі ұяшық | L2: A2-дегі санды B2-дегі дәрежеге шығар. | M2: C2 | N2: =IF(ISBLANK(C2),"—",IF( OR(NOT(_xlfn.ISFORMULA(C2))),"✗ сан емес, формула керек",IF(NOT(OR(ISNUMBER(SEARCH("СТЕПЕНЬ(",IFERROR(_xlfn.FORMULATEXT(C2),""))),ISNUMBER(SEARCH("POWER(",IFERROR(_xlfn.FORMULATEXT(C2),""))))),"✗ СТЕПЕНЬ функциясы керек",IF(NOT(AND(IFERROR(ABS(C2-(POWER(A2,B2)))<=0.01*MAX(1,ABS(POWER(A2,B2))),FALSE))),"✗ жауап дұрыс емес — формуланы тексер","✓ дұрыс"))))
A3: 3 | B3: 2 | J3: 2 | K3: созып көшіру | L3: C2-ні C6-ға дейін созып көшір. C5-те не? | M3: C5 | N3: =IF(ISBLANK(C5),"—",IF( OR(NOT(_xlfn.ISFORMULA(C5))),"✗ сан емес, формула керек (формуланы төмен созып көшір)",IF(NOT(AND(IFERROR(ABS(C5-(POWER(A5,B5)))<=0.01*MAX(1,ABS(POWER(A5,B5))),FALSE))),"✗ жауап дұрыс емес — формуланы тексер","✓ дұрыс")))
A4: 5 | B4: 0 | J4: 3 | K4: теріс дәреже | L4: C6-да не? 4 санының −1 дәрежесі. | M4: C6 | N4: =IF(ISBLANK(C6),"—",IF( OR(NOT(_xlfn.ISFORMULA(C6))),"✗ сан емес, формула керек",IF(NOT(AND(IFERROR(ABS(C6-(POWER(A6,B6)))<=0.01*MAX(1,ABS(POWER(A6,B6))),FALSE))),"✗ жауап дұрыс емес — формуланы тексер","✓ дұрыс")))
A5: 10 | B5: 4 | J5: 4 | K5: ^ таңбасы | L5: D2-де дәл соны ^ таңбасымен жаса да, төмен созып көшір. D3-те не? C3-пен сәйкес келе ме? | M5: D2 → төмен созып көшір; жауап D3 ұяшығында | N5: =IF(ISBLANK(D3),"—",IF( OR(NOT(_xlfn.ISFORMULA(D3)),NOT(_xlfn.ISFORMULA(D6))),"✗ сан емес, формула керек (формуланы төмен созып көшір)",IF(OR(ISNUMBER(SEARCH("СТЕПЕНЬ(",IFERROR(_xlfn.FORMULATEXT(D3),""))),ISNUMBER(SEARCH("POWER(",IFERROR(_xlfn.FORMULATEXT(D3),"")))),"✗ мұнда СТЕПЕНЬ функциясынсыз жаз",IF(NOT(AND(IFERROR(ABS(D3-(A3^B3))<=0.01*MAX(1,ABS(A3^B3)),FALSE),IFERROR(ABS(D6-(A6^B6))<=0.01*MAX(1,ABS(A6^B6)),FALSE))),"✗ жауап дұрыс емес — формуланы тексер",IF(ISERROR(SEARCH("^",IFERROR(_xlfn.FORMULATEXT(D3),""))),"✗ жауап дұрыс, бірақ қадамда сұралғандай жаз","✓ дұрыс")))))
A6: 4 | B6: -1 | J6: 5 | K6: ұяшық + сан | L6: A2-дегі санды 10-дәрежеге шығар. | M6: F2 | N6: =IF(ISBLANK(F2),"—",IF( OR(NOT(_xlfn.ISFORMULA(F2))),"✗ сан емес, формула керек",IF(NOT(OR(ISNUMBER(SEARCH("СТЕПЕНЬ(",IFERROR(_xlfn.FORMULATEXT(F2),""))),ISNUMBER(SEARCH("POWER(",IFERROR(_xlfn.FORMULATEXT(F2),""))))),"✗ СТЕПЕНЬ функциясы керек",IF(NOT(AND(IFERROR(ABS(F2-(POWER(A2,10)))<=0.01*MAX(1,ABS(POWER(A2,10))),FALSE))),"✗ жауап дұрыс емес — формуланы тексер",IF(ISERROR(SEARCH("10",IFERROR(_xlfn.FORMULATEXT(F2),""))),"✗ жауап дұрыс, бірақ қадамда сұралғандай жаз","✓ дұрыс")))))
J7: 6 | K7: кубтың көлемі | L7: Кубиктің қыры 7 см. Оның көлемін тап. | M7: F3 | N7: =IF(ISBLANK(F3),"—",IF( OR(NOT(_xlfn.ISFORMULA(F3))),"✗ сан емес, формула керек",IF(NOT(OR(ISNUMBER(SEARCH("СТЕПЕНЬ(",IFERROR(_xlfn.FORMULATEXT(F3),""))),ISNUMBER(SEARCH("POWER(",IFERROR(_xlfn.FORMULATEXT(F3),""))))),"✗ СТЕПЕНЬ функциясы керек",IF(NOT(AND(IFERROR(ABS(F3-(343))<=0.01*MAX(1,ABS(343)),FALSE))),"✗ жауап дұрыс емес — формуланы тексер","✓ дұрыс"))))
J8: 7 | K8: күрделі: дәреже арқылы түбір | L8: КОРЕНЬ функциясынсыз, СТЕПЕНЬ арқылы 81-ден түбірді тап. | M8: F4 | N8: =IF(ISBLANK(F4),"—",IF( OR(NOT(_xlfn.ISFORMULA(F4))),"✗ сан емес, формула керек",IF(NOT(OR(ISNUMBER(SEARCH("СТЕПЕНЬ(",IFERROR(_xlfn.FORMULATEXT(F4),""))),ISNUMBER(SEARCH("POWER(",IFERROR(_xlfn.FORMULATEXT(F4),""))))),"✗ СТЕПЕНЬ функциясы керек",IF(OR(ISNUMBER(SEARCH("КОРЕНЬ(",IFERROR(_xlfn.FORMULATEXT(F4),""))),ISNUMBER(SEARCH("SQRT(",IFERROR(_xlfn.FORMULATEXT(F4),"")))),"✗ мұнда КОРЕНЬ функциясынсыз жаз",IF(NOT(AND(IFERROR(ABS(F4-(9))<=0.01*MAX(1,ABS(9)),FALSE))),"✗ жауап дұрыс емес — формуланы тексер","✓ дұрыс")))))
J9: 8 | K9: күрделі: салым | L9: Салым 100 000 тг, жылдық 10%. 3 жылдан кейін қанша болады? Әр жыл сайын сома 1,1-ге көбейеді. | M9: F5 | N9: =IF(ISBLANK(F5),"—",IF( OR(NOT(_xlfn.ISFORMULA(F5))),"✗ сан емес, формула керек",IF(NOT(OR(ISNUMBER(SEARCH("СТЕПЕНЬ(",IFERROR(_xlfn.FORMULATEXT(F5),""))),ISNUMBER(SEARCH("POWER(",IFERROR(_xlfn.FORMULATEXT(F5),""))))),"✗ СТЕПЕНЬ функциясы керек",IF(NOT(AND(IFERROR(ABS(F5-(133100))<=0.01*MAX(1,ABS(133100)),FALSE))),"✗ жауап дұрыс емес — формуланы тексер","✓ дұрыс"))))
L11: Орындалған қадамдар: | N11: =COUNTIF(N2:N9,"✓*")&" / 8"

Sheet S5
A1: Күн | B1: Санат | C1: Сомасы, тг | J1: № | K1: Қадам түрі | L1: Тапсырма | M1: Ұяшық | N1: Тексеру
A2: Дс | B2: кіріс | C2: 2000 | J2: 1 | K2: шарт >0 | L2: Аптада қанша ақша алынды? Тек оң сомаларды қос. | M2: F2 | N2: =IF(ISBLANK(F2),"—",IF( OR(NOT(_xlfn.ISFORMULA(F2))),"✗ сан емес, формула керек",IF(NOT(OR(ISNUMBER(SEARCH("СУММЕСЛИ(",IFERROR(_xlfn.FORMULATEXT(F2),""))),ISNUMBER(SEARCH("SUMIF(",IFERROR(_xlfn.FORMULATEXT(F2),""))))),"✗ СУММЕСЛИ функциясы керек",IF(NOT(AND(IFERROR(ABS(F2-(SUMIF(C2:C9,">0")))<=0.01*MAX(1,ABS(SUMIF(C2:C9,">0"))),FALSE))),"✗ жауап дұрыс емес — формуланы тексер",IF(ISERROR(SEARCH(">0",IFERROR(_xlfn.FORMULATEXT(F2),""))),"✗ жауап дұрыс, бірақ қадамда сұралғандай жаз","✓ дұрыс")))))
A3: Дс | B3: тамақ | C3: -450 | J3: 2 | K3: шарт <0 | L3: Қанша жұмсалды? Тек теріс сомаларды қос. | M3: F3 | N3: =IF(ISBLANK(F3),"—",IF( OR(NOT(_xlfn.ISFORMULA(F3))),"✗ сан емес, формула керек",IF(NOT(OR(ISNUMBER(SEARCH("СУММЕСЛИ(",IFERROR(_xlfn.FORMULATEXT(F3),""))),ISNUMBER(SEARCH("SUMIF(",IFERROR(_xlfn.FORMULATEXT(F3),""))))),"✗ СУММЕСЛИ функциясы керек",IF(NOT(AND(IFERROR(ABS(F3-(SUMIF(C2:C9,"<0")))<=0.01*MAX(1,ABS(SUMIF(C2:C9,"<0"))),FALSE))),"✗ жауап дұрыс емес — формуланы тексер",IF(ISERROR(SEARCH("<0",IFERROR(_xlfn.FORMULATEXT(F3),""))),"✗ жауап дұрыс, бірақ қадамда сұралғандай жаз","✓ дұрыс")))))
A4: Сс | B4: көлік | C4: -200 | J4: 3 | K4: мәтін + қосу ауқымы | L4: Тамаққа қанша кетті? B бағанынан «тамақ» сөзін іздейміз, C бағанын қосамыз. | M4: F4 | N4: =IF(ISBLANK(F4),"—",IF( OR(NOT(_xlfn.ISFORMULA(F4))),"✗ сан емес, формула керек",IF(NOT(OR(ISNUMBER(SEARCH("СУММЕСЛИ(",IFERROR(_xlfn.FORMULATEXT(F4),""))),ISNUMBER(SEARCH("SUMIF(",IFERROR(_xlfn.FORMULATEXT(F4),""))))),"✗ СУММЕСЛИ функциясы керек",IF(NOT(AND(IFERROR(ABS(F4-(SUMIF(B2:B9,"тамақ",C2:C9)))<=0.01*MAX(1,ABS(SUMIF(B2:B9,"тамақ",C2:C9))),FALSE))),"✗ жауап дұрыс емес — формуланы тексер",IF(ISERROR(SEARCH("тамақ",IFERROR(_xlfn.FORMULATEXT(F4),""))),"✗ жауап дұрыс, бірақ қадамда сұралғандай жаз","✓ дұрыс")))))
A5: Ср | B5: тамақ | C5: -600 | J5: 4 | K5: ұяшықтағы шарт | L5: E5-ке «көлік» сөзін жаз. F5-те осы санаттың сомаларын қос, шарт ретінде E5 ұяшығын көрсет (тырнақшасыз). | M5: F5 | N5: =IF(ISBLANK(F5),"—",IF(NOT(E5<>""),"✗ алдымен E5-ке санатты жаз",IF( OR(NOT(_xlfn.ISFORMULA(F5))),"✗ сан емес, формула керек",IF(NOT(OR(ISNUMBER(SEARCH("СУММЕСЛИ(",IFERROR(_xlfn.FORMULATEXT(F5),""))),ISNUMBER(SEARCH("SUMIF(",IFERROR(_xlfn.FORMULATEXT(F5),""))))),"✗ СУММЕСЛИ функциясы керек",IF(NOT(AND(IFERROR(ABS(F5-(SUMIF(B2:B9,E5,C2:C9)))<=0.01*MAX(1,ABS(SUMIF(B2:B9,E5,C2:C9))),FALSE))),"✗ жауап дұрыс емес — формуланы тексер",IF(ISERROR(SEARCH("E5",IFERROR(_xlfn.FORMULATEXT(F5),""))),"✗ жауап дұрыс, бірақ қадамда сұралғандай жаз","✓ дұрыс"))))))
A6: Бс | B6: ойындар | C6: -1500 | J6: 5 | K6: саны бар шарт | L6: Тек ірі шығындарды қос — −500-ден кіші. | M6: F6 | N6: =IF(ISBLANK(F6),"—",IF( OR(NOT(_xlfn.ISFORMULA(F6))),"✗ сан емес, формула керек",IF(NOT(OR(ISNUMBER(SEARCH("СУММЕСЛИ(",IFERROR(_xlfn.FORMULATEXT(F6),""))),ISNUMBER(SEARCH("SUMIF(",IFERROR(_xlfn.FORMULATEXT(F6),""))))),"✗ СУММЕСЛИ функциясы керек",IF(NOT(AND(IFERROR(ABS(F6-(SUMIF(C2:C9,"<-500")))<=0.01*MAX(1,ABS(SUMIF(C2:C9,"<-500"))),FALSE))),"✗ жауап дұрыс емес — формуланы тексер",IF(ISERROR(SEARCH("<-500",IFERROR(_xlfn.FORMULATEXT(F6),""))),"✗ жауап дұрыс, бірақ қадамда сұралғандай жаз","✓ дұрыс")))))
A7: Жм | B7: кіріс | C7: 1000 | J7: 6 | K7: күрделі: минуссыз | L7: Қанша жұмсалды — минуссыз? Бір формула. | M7: F7 | N7: =IF(ISBLANK(F7),"—",IF( OR(NOT(_xlfn.ISFORMULA(F7))),"✗ сан емес, формула керек",IF(NOT(OR(ISNUMBER(SEARCH("СУММЕСЛИ(",IFERROR(_xlfn.FORMULATEXT(F7),""))),ISNUMBER(SEARCH("SUMIF(",IFERROR(_xlfn.FORMULATEXT(F7),""))))),"✗ СУММЕСЛИ функциясы керек",IF(NOT(OR(ISNUMBER(SEARCH("ABS(",IFERROR(_xlfn.FORMULATEXT(F7),""))),ISNUMBER(SEARCH("ABS(",IFERROR(_xlfn.FORMULATEXT(F7),""))))),"✗ ABS функциясы керек",IF(NOT(AND(IFERROR(ABS(F7-(-SUMIF(C2:C9,"<0")))<=0.01*MAX(1,ABS(-SUMIF(C2:C9,"<0"))),FALSE))),"✗ жауап дұрыс емес — формуланы тексер","✓ дұрыс")))))
A8: Сн | B8: тамақ | C8: -350 | J8: 7 | K8: күрделі: қалдық | L8: Апта соңына қанша ақша қалды? Жауаптағы минус нені білдіреді? | M8: F8 | N8: =IF(ISBLANK(F8),"—",IF( OR(NOT(_xlfn.ISFORMULA(F8))),"✗ сан емес, формула керек",IF(NOT(OR(ISNUMBER(SEARCH("СУММ(",IFERROR(_xlfn.FORMULATEXT(F8),""))),ISNUMBER(SEARCH("SUM(",IFERROR(_xlfn.FORMULATEXT(F8),""))))),"✗ СУММ функциясы керек",IF(NOT(AND(IFERROR(ABS(F8-(SUM(C2:C9)))<=0.01*MAX(1,ABS(SUM(C2:C9))),FALSE))),"✗ жауап дұрыс емес — формуланы тексер","✓ дұрыс"))))
A9: Жс | B9: көлік | C9: -200 | J9: 8 | K9: күрделі: шартты ауыстыру | L9: E5-тегі сөзді «ойындар» деп ауыстыр. Енді F5-те не тұр? Формуланы өзгертпе. | M9: F5 | N9: =IF(ISBLANK(F5),"—",IF(NOT(E5="ойындар"),"✗ алдымен E5-тегі сөзді «ойындар» деп ауыстыр",IF( OR(NOT(_xlfn.ISFORMULA(F5))),"✗ сан емес, формула керек",IF(NOT(OR(ISNUMBER(SEARCH("СУММЕСЛИ(",IFERROR(_xlfn.FORMULATEXT(F5),""))),ISNUMBER(SEARCH("SUMIF(",IFERROR(_xlfn.FORMULATEXT(F5),""))))),"✗ СУММЕСЛИ функциясы керек",IF(NOT(AND(IFERROR(ABS(F5-(SUMIF(B2:B9,E5,C2:C9)))<=0.01*MAX(1,ABS(SUMIF(B2:B9,E5,C2:C9))),FALSE))),"✗ жауап дұрыс емес — формуланы тексер","✓ дұрыс")))))
L11: Орындалған қадамдар: | N11: =COUNTIF(N2:N9,"✓*")&" / 8"

Sheet S6
A1: Еден ауданы, м² | B1: 16 | J1: № | K1: Қадам түрі | L1: Тапсырма | M1: Ұяшық | N1: Тексеру
A2: Қабырға биіктігі, м | B2: 2.5 | J2: 1 | K2: КОРЕНЬ | L2: Бөлменің қабырғасының ұзындығы қандай? Бөлме шаршы пішінді. | M2: E1 | N2: =IF(ISBLANK(E1),"—",IF( OR(NOT(_xlfn.ISFORMULA(E1))),"✗ сан емес, формула керек",IF(NOT(OR(ISNUMBER(SEARCH("КОРЕНЬ(",IFERROR(_xlfn.FORMULATEXT(E1),""))),ISNUMBER(SEARCH("SQRT(",IFERROR(_xlfn.FORMULATEXT(E1),""))))),"✗ КОРЕНЬ функциясы керек",IF(NOT(AND(IFERROR(ABS(E1-(SQRT(B1)))<=0.01*MAX(1,ABS(SQRT(B1))),FALSE))),"✗ жауап дұрыс емес — формуланы тексер","✓ дұрыс"))))
A3: Бюджет, тг | B3: 100000 | J3: 2 | K3: СТЕПЕНЬ | L3: Тексер: E1-дегі қабырғаны квадратқа шығар — еден ауданы шығуы керек. | M3: E2 | N3: =IF(ISBLANK(E2),"—",IF( OR(NOT(_xlfn.ISFORMULA(E2))),"✗ сан емес, формула керек",IF(NOT(OR(ISNUMBER(SEARCH("СТЕПЕНЬ(",IFERROR(_xlfn.FORMULATEXT(E2),""))),ISNUMBER(SEARCH("POWER(",IFERROR(_xlfn.FORMULATEXT(E2),""))))),"✗ СТЕПЕНЬ функциясы керек",IF(NOT(AND(IFERROR(ABS(E2-(B1))<=0.01*MAX(1,ABS(B1)),FALSE))),"✗ жауап дұрыс емес — формуланы тексер","✓ дұрыс"))))
J4: 3 | K4: ұяшықтары бар формула | L4: 4 қабырғаның жалпы ауданы қандай? Қабырға — тіктөртбұрыш: ұзындығы × биіктігі. | M4: E3 | N4: =IF(ISBLANK(E3),"—",IF( OR(NOT(_xlfn.ISFORMULA(E3))),"✗ сан емес, формула керек",IF(NOT(AND(IFERROR(ABS(E3-(4*SQRT(B1)*B2))<=0.01*MAX(1,ABS(4*SQRT(B1)*B2)),FALSE))),"✗ жауап дұрыс емес — формуланы тексер","✓ дұрыс")))
A5: Тауар | B5: Санат | C5: Бағасы, тг | J5: 4 | K5: СУММ | L5: Смета бойынша барлық сатып алу қанша тұрады? | M5: E4 | N5: =IF(ISBLANK(E4),"—",IF( OR(NOT(_xlfn.ISFORMULA(E4))),"✗ сан емес, формула керек",IF(NOT(OR(ISNUMBER(SEARCH("СУММ(",IFERROR(_xlfn.FORMULATEXT(E4),""))),ISNUMBER(SEARCH("SUM(",IFERROR(_xlfn.FORMULATEXT(E4),""))))),"✗ СУММ функциясы керек",IF(NOT(AND(IFERROR(ABS(E4-(SUM(C6:C11)))<=0.01*MAX(1,ABS(SUM(C6:C11))),FALSE))),"✗ жауап дұрыс емес — формуланы тексер","✓ дұрыс"))))
A6: Ақ бояу | B6: бояу | C6: 12000 | J6: 5 | K6: СУММЕСЛИ | L6: Тек бояу қанша тұрады? | M6: E5 | N6: =IF(ISBLANK(E5),"—",IF( OR(NOT(_xlfn.ISFORMULA(E5))),"✗ сан емес, формула керек",IF(NOT(OR(ISNUMBER(SEARCH("СУММЕСЛИ(",IFERROR(_xlfn.FORMULATEXT(E5),""))),ISNUMBER(SEARCH("SUMIF(",IFERROR(_xlfn.FORMULATEXT(E5),""))))),"✗ СУММЕСЛИ функциясы керек",IF(NOT(AND(IFERROR(ABS(E5-(SUMIF(B6:B11,"бояу",C6:C11)))<=0.01*MAX(1,ABS(SUMIF(B6:B11,"бояу",C6:C11))),FALSE))),"✗ жауап дұрыс емес — формуланы тексер","✓ дұрыс"))))
A7: Көк бояу | B7: бояу | C7: 9500 | J7: 6 | K7: ABS | L7: Смета бюджеттен қаншаға өзгеше? Жауабы минуссыз. | M7: E6 | N7: =IF(ISBLANK(E6),"—",IF( OR(NOT(_xlfn.ISFORMULA(E6))),"✗ сан емес, формула керек",IF(NOT(OR(ISNUMBER(SEARCH("ABS(",IFERROR(_xlfn.FORMULATEXT(E6),""))),ISNUMBER(SEARCH("ABS(",IFERROR(_xlfn.FORMULATEXT(E6),""))))),"✗ ABS функциясы керек",IF(NOT(AND(IFERROR(ABS(E6-(ABS(B3-SUM(C6:C11))))<=0.01*MAX(1,ABS(ABS(B3-SUM(C6:C11)))),FALSE))),"✗ жауап дұрыс емес — формуланы тексер","✓ дұрыс"))))
A8: Тұсқағаз | B8: тұсқағаз | C8: 35000 | J8: 7 | K8: күрделі: бояудан басқасының бәрі | L8: Тұсқағаз, желім және құралдар — бояудан басқасының бәрі қанша тұрады? Екі функциядан тұратын бір формула. | M8: E7 | N8: =IF(ISBLANK(E7),"—",IF( OR(NOT(_xlfn.ISFORMULA(E7))),"✗ сан емес, формула керек",IF(NOT(OR(ISNUMBER(SEARCH("СУММ(",IFERROR(_xlfn.FORMULATEXT(E7),""))),ISNUMBER(SEARCH("SUM(",IFERROR(_xlfn.FORMULATEXT(E7),""))))),"✗ СУММ функциясы керек",IF(NOT(OR(ISNUMBER(SEARCH("СУММЕСЛИ(",IFERROR(_xlfn.FORMULATEXT(E7),""))),ISNUMBER(SEARCH("SUMIF(",IFERROR(_xlfn.FORMULATEXT(E7),""))))),"✗ СУММЕСЛИ функциясы керек",IF(NOT(AND(IFERROR(ABS(E7-(SUM(C6:C11)-SUMIF(B6:B11,"бояу",C6:C11)))<=0.01*MAX(1,ABS(SUM(C6:C11)-SUMIF(B6:B11,"бояу",C6:C11))),FALSE))),"✗ жауап дұрыс емес — формуланы тексер","✓ дұрыс")))))
A9: Желім | B9: тұсқағаз | C9: 4500 | J9: 8 | K9: күрделі: ойлан | L9: Бюджет 60 000 тг-ге дейін қысқарды — B3-ті өзгерт. Енді E6-да не тұр? Мұнда ABS неге алдауы мүмкін? | M9: E6 | N9: =IF(ISBLANK(E6),"—",IF(NOT(B3=60000),"✗ алдымен B3 мәнін 60000 деп өзгерт",IF( OR(NOT(_xlfn.ISFORMULA(E6))),"✗ сан емес, формула керек",IF(NOT(OR(ISNUMBER(SEARCH("ABS(",IFERROR(_xlfn.FORMULATEXT(E6),""))),ISNUMBER(SEARCH("ABS(",IFERROR(_xlfn.FORMULATEXT(E6),""))))),"✗ ABS функциясы керек",IF(NOT(AND(IFERROR(ABS(E6-(ABS(B3-SUM(C6:C11))))<=0.01*MAX(1,ABS(ABS(B3-SUM(C6:C11)))),FALSE))),"✗ жауап дұрыс емес — формуланы тексер","✓ дұрыс")))))
A10: Валик | B10: құрал | C10: 3000
A11: Қол басы | B11: құрал | C11: 2500 | L11: Орындалған қадамдар: | N11: =COUNTIF(N2:N9,"✓*")&" / 8"

Sheet Қорытынды
A1: Өзін-өзі тексеру қорытындысы
A2: ="Оқушы: "&Басы!B4&", "&Басы!B3
A4: Сценарий | B4: Атауы | C4: Функция | D4: Дұрыс | E4: Барлығы
A5: S1 | B5: Екі дүкендегі кеңсе тауарлары | C5: СУММ | D5: =COUNTIF(S1!N2:N9,"✓*") | E5: 8
A6: S2 | B6: Ауа райы күнделігі | C6: ABS | D6: =COUNTIF(S2!N2:N9,"✓*") | E6: 8
A7: S3 | B7: Шаршы учаскелер | C7: КОРЕНЬ | D7: =COUNTIF(S3!N2:N9,"✓*") | E7: 8
A8: S4 | B8: Дәрежелер кестесі | C8: СТЕПЕНЬ | D8: =COUNTIF(S4!N2:N9,"✓*") | E8: 8
A9: S5 | B9: Аптадағы қалта ақша | C9: СУММЕСЛИ | D9: =COUNTIF(S5!N2:N9,"✓*") | E9: 8
A10: S6 | B10: Шаршы бөлмені жөндеу | C10: барлық функция | D10: =COUNTIF(S6!N2:N9,"✓*") | E10: 8
B11: Барлығы | D11: =SUM(D5:D10) | E11: =SUM(E5:E10)
